ID,PRODUCTO,CAMPANA
aTv7onqLob,soja,2010-2011
tYo5PXv36y,soja,2010-2011
q7ibHSwKD3,maiz,2006-2007
bKvKvEmsYz,trigo,2011-2012
vRnTHipuVX,soja,2007-2008
Ns8O5opoRJ,soja,2010-2011
e3eaNao9TN,soja,2008-2009
9Qows7fi2B,trigo,2009-2010
GP4On9Ddye,soja,2006-2007
wchbE5C3Ef,soja,2010-2011
QM5GJyMyhO,soja,2010-2011
FBywmD1yGF,soja,2008-2009
dgbjwuiJtQ,trigo,2006-2007
h4NUIj6fKK,maiz,2011-2012
2YV1VIEWHU,soja,2007-2008
luBOe8JMRE,maiz,2011-2012
m9IBdaujGF,girasol,2009-2010
4InZJJrXq8,lentejas,2004-2005
2c3D1hLK4m,cebada,2011-2012
Yrvq2ZRwJi,trigo,2008-2009
CM10vKKnrA,soja,2012-2013
vtny7ohS9l,soja,2010-2011
GhcCYfl1c5,cebada,2011-2012
ioRjoO49Cv,girasol,2008-2009
J8p77wvoQ5,soja,2006-2007
afmDrMsdMV,trigo,2005-2006
zyJJA9Rj3i,trigo,2007-2008
UtJMa0MEcB,soja,2011-2012
HKZ1oBdfft,maiz,2008-2009
sfsCy3LQmO,soja,2006-2007
9GHRdrRz65,soja,2007-2008
ANPjOEv2ub,maiz,2009-2010
vnHozFqKfd,maiz,2007-2008
iot0GXrhWx,soja,2009-2010
mhLCRjQNlL,avena,2012-2013
yh9FW8VNTB,soja,2011-2012
1BzuCFS4xz,trigo,2004-2005
2jhNv97MWs,maiz,2011-2012
hUaqk7zFUS,soja,2012-2013
QVdQRpfttd,soja,2009-2010
suNaIJjPgF,soja,2009-2010
IOktFU1FkV,cebada,2007-2008
hB2LbSBIM5,soja,2010-2011
vG0JqIcZiJ,soja,2010-2011
p1hZuw5vCp,soja,2010-2011
Rt1SFcvQuI,soja,2010-2011
VpYW9OolyX,soja,2007-2008
5nYmOSjTOv,soja,2005-2006
IppJJ5vEWq,trigo,2007-2008
W2g5YpTNbS,girasol,2008-2009
ugGTTevD8K,soja,2012-2013
AQAzjT5gib,soja,2007-2008
XFdEKC5nZg,maiz,2007-2008
GUOWxrBt5J,girasol,2009-2010
EFjOFUsKBa,maiz,2006-2007
uipYwAk2xK,soja,2007-2008
iEo6klxvf4,girasol,2008-2009
FtIzJXTBre,soja,2006-2007
lmNbLKl6Lj,soja,2011-2012
Q4xFAi19eg,maiz,2007-2008
CtbUtt3N6t,lentejas,2004-2005
2rgPT3jG95,trigo,2010-2011
0Z9xoJgpSL,soja,2009-2010
XeF8983CV8,maiz,2006-2007
6Y0mxTpgjy,soja,2009-2010
ljXuhMEOCg,maiz,2008-2009
jjLyrU7ugd,soja,2010-2011
3mB3Z9XPpH,soja,2007-2008
Nb1vWjIk8U,maiz,2009-2010
RrEmq7Gx2w,cebada,2011-2012
b5jm8Jveil,soja,2008-2009
v6Nw2tgKeo,soja,2009-2010
o6g4sXB9VC,soja,2006-2007
b0wyxyseJX,soja,2007-2008
S8d9CWgMfC,soja,2009-2010
ZlJpbDFk2J,soja,2006-2007
bdKYcHXVvq,maiz,2008-2009
3OyhYBEFXt,girasol,2011-2012
R7fkwIwC2z,maiz,2010-2011
WedpDG8kl4,maiz,2011-2012
bpSaW1kkGI,maiz,2008-2009
dgPKRMbOYe,soja,2011-2012
O5I2uVI3G4,maiz,2008-2009
7qtZRQaCAp,soja,2010-2011
UoXt9yGkNo,maiz,2011-2012
PlthnoD5rS,cebada,2011-2012
AxK3XlT8xe,maiz,2007-2008
xSTVMbTbMq,maiz,2007-2008
QlcKTQ9fV0,soja,2006-2007
9fxSiVECdC,soja,2011-2012
qbdJ60vacI,soja,2008-2009
R344NWUVC0,soja,2009-2010
VLfUoOz3ac,soja,2009-2010
EREslKsguU,soja,2011-2012
yMX3QuZuQl,soja,2009-2010
3D1H6mbxTW,soja,2006-2007
SSs0UIu4DL,soja,2008-2009
p8Hwhhtg7r,trigo,2009-2010
GA6HRB33AW,soja,2010-2011
ZcyRcTkYXx,soja,2012-2013
sN5BLmrETz,maiz,2008-2009
7iAC0bN3eX,maiz,2007-2008
ZEAYfn2QLa,soja,2009-2010
NFxSPJGIXj,soja,2006-2007
HeSRqS3FVh,maiz,2011-2012
m6uweajg16,girasol,2008-2009
qKkJlbmopI,soja,2006-2007
WcORZ23Jj4,soja,2010-2011
P1SjFKUnRW,maiz,2011-2012
gwh5OH7Qaq,soja,2010-2011
Uzrwj7HEui,girasol,2007-2008
ko2bSeEh3e,soja,2006-2007
mkbUpzlwQM,soja,2008-2009
nuMfs6mAKi,maiz,2011-2012
s6WuhzZuhc,soja,2012-2013
ZUNByDBkAb,girasol,2011-2012
8xWUePaRZu,soja,2012-2013
AS1gNhgvdO,maiz,2004-2005
YDsvOr9YcJ,maiz,2007-2008
AkHhEv7oNg,girasol,2011-2012
kX8kEVTuR6,soja,2010-2011
I0JBwh36Gf,soja,2008-2009
PRQg9ecGU0,maiz,2009-2010
vEX4zlZSg1,soja,2008-2009
Zy1sAxaD4q,soja,2007-2008
sTIJARxmgS,soja,2012-2013
ncgLgg7GAn,soja,2006-2007
HimIbwGCAK,soja,2010-2011
33nLLxlKlT,soja,2007-2008
mY6TtmA14K,soja,2006-2007
oL4bdfYtrh,soja,2008-2009
Fuk3G613Qm,lentejas,2004-2005
VDLbgFOqGS,soja,2008-2009
C5nFgRuFLm,soja,2007-2008
waihdyne2E,girasol,2008-2009
QXRl982XzI,soja,2012-2013
0BNnQ4FMJa,soja,2010-2011
9GBrxnplSr,soja,2004-2005
0tPRfYZh6Z,girasol,2011-2012
07kNuBSAXl,soja,2007-2008
kg2vXzjOlC,maiz,2007-2008
Gl6fDlEnTK,trigo,2005-2006
NTR8qMJJWq,soja,2008-2009
5HX7C67vTr,girasol,2006-2007
9jeEPr1dfU,soja,2011-2012
y3xQBomU8J,soja,2008-2009
LDasKmyRiS,soja,2010-2011
JrDx6cp7GV,cebada,2006-2007
aFYYfjNSEV,soja,2010-2011
lZjMS49RVr,cebada,2007-2008
uoj7mpkcw1,girasol,2008-2009
8XGg6vQTOd,soja,2010-2011
zADjWfne7J,soja,2007-2008
W28G9v6tY3,soja,2006-2007
uhaBOg7nBV,trigo,2007-2008
SBfftCLhqS,soja,2011-2012
1OU9ed5kXd,cebada,2007-2008
nSLOdj6lXG,trigo,2006-2007
HzRwfL9131,soja,2009-2010
T4OxD3cInA,maiz,2006-2007
wbcH0G162Y,maiz,2009-2010
MJYnGE9PEC,soja,2012-2013
QhGofTrHlg,cebada,2012-2013
RiI40IL1OM,maiz,2009-2010
Zkf8YvMhLa,maiz,2007-2008
tlIAbwcTFP,trigo,2010-2011
Ag7Rk7k689,soja,2008-2009
Tht9qS5CAQ,soja,2008-2009
m4D4En2qHH,maiz,2011-2012
GRxNsiUdpc,soja,2006-2007
lILfRB8WOI,soja,2009-2010
wAM9FaxGRE,soja,2009-2010
XgfV4YFYC4,soja,2008-2009
BxMWdnilK6,soja,2008-2009
4GHRQV1NmS,trigo,2009-2010
cK9IpDq5l3,trigo,2005-2006
9w1VUeJCQd,soja,2008-2009
JVtZvK6xir,soja,2007-2008
PKCYc3lU7W,trigo,2010-2011
WGUXmxC6Ad,soja,2010-2011
jT9d35x93g,soja,2009-2010
1S1E1eGm8O,trigo,2010-2011
JfemDRlPXv,soja,2008-2009
3HPCtSHsbK,maiz,2011-2012
YcmZqnE7ZM,soja,2010-2011
Vs2AgFbRe9,maiz,2006-2007
NiQmuKFCDq,maiz,2010-2011
WlUJLK7ZSh,soja,2010-2011
vwax8HDjir,maiz,2012-2013
s7ZItUc9gp,soja,2006-2007
1DbUXwpeWH,soja,2006-2007
LSFwQMDd6w,cebada,2011-2012
Vy35HwZt7H,trigo,2004-2005
j8ULc2IRfn,soja,2008-2009
j2GxxgLCKR,soja,2010-2011
9pQCuh9UbG,maiz,2011-2012
lLOGg0HxSx,soja,2007-2008
mCz3AxkVA5,maiz,2011-2012
vJuMVp3eKe,soja,2012-2013
u60JMgJeel,soja,2008-2009
cRxbV8aFck,trigo,2007-2008
KZ4FuZ5yEQ,soja,2009-2010
d9WdSsKmWz,cebada,2004-2005
Y9RWkwdLCH,maiz,2011-2012
6WpBmlkrjy,maiz,2010-2011
HN8n2agMND,soja,2011-2012
MvMnS7j6Sv,maiz,2007-2008
NYTDjFxU7i,cebada,2007-2008
SO6aC8BsUZ,soja,2005-2006
6pUSdwZO32,soja,2009-2010
KQandK3boA,soja,2010-2011
KHYQrlY4e2,maiz,2010-2011
cks8DW5lt8,soja,2004-2005
nEYP2Cj5nY,girasol,2011-2012
F8pnZhY7lD,maÃ­z,2012-2013
AOx2WBYawT,soja,2010-2011
jlhIAjUtoI,soja,2007-2008
S3RIq0zQ7k,soja,2008-2009
dH9bJfmsGj,cebada,2011-2012
LzV3IfmmZb,girasol,2011-2012
52eWJVWJvd,soja,2008-2009
hSADWRsJES,soja,2009-2010
uJUZoo6L82,soja,2008-2009
yCauQl9JjH,soja,2006-2007
1UbV4QJAlR,maiz,2009-2010
6qjpUO6Zwf,girasol,2011-2012
rw9TSEtmOf,soja,2006-2007
4ZuEBFsx7A,soja,2009-2010
EZRrM7vuvJ,soja,2009-2010
E2AxreMxDJ,maiz,2011-2012
c5HmZj1TVO,girasol,2011-2012
9jyabLhXGd,soja,2005-2006
qUf1SYfoWs,soja,2010-2011
89yOvX8w1e,soja,2011-2012
LAOJkyeSWu,maiz,2009-2010
6NPlNqK3fq,soja,2007-2008
vnzuCvSLrT,soja,2009-2010
yDdNXOMCqt,soja,2012-2013
7wGWidN3g3,soja,2007-2008
tcqtX4pzOh,trigo,2007-2008
SOv6lSU8eK,maiz,2009-2010
2kHIHzve3c,trigo,2009-2010
iwGZqndgm2,soja,2012-2013
DqSTQJG304,maiz,2011-2012
5PJVifhVW2,trigo,2010-2011
whO9A3ccck,soja,2007-2008
8qbbK2ua5v,soja,2009-2010
eAKxg4dOZA,soja,2009-2010
QWrof2qIfU,soja,2007-2008
3nKePegKFl,trigo,2008-2009
hGfNBQnf87,girasol,2005-2006
fQjXFPa6gF,soja,2006-2007
Zj3uOSZ5lo,maiz,2008-2009
p2hlbZOF5O,soja,2007-2008
SkoCI3bs9J,soja,2007-2008
8i3BdRcDWP,trigo,2006-2007
1MQj82JWHO,soja,2007-2008
uj8iwQlYJu,cebada,2007-2008
rRdubHMFUs,soja,2012-2013
dWF4FN6YtN,cebada,2008-2009
wo85X5VJco,soja,2005-2006
EUGsPrAk7e,girasol,2010-2011
dkBsoQGuyA,soja,2012-2013
JvyR1WVWp9,maiz,2007-2008
M4dcw2U7mb,soja,2012-2013
lQMvJBMZ6L,soja,2009-2010
jPHiqIFMo5,maiz,2009-2010
VAA8m6AHDx,soja,2012-2013
syOFuhPHHW,soja,2011-2012
c2vtkmCz90,maiz,2007-2008
5dBFmxLwFY,trigo,2007-2008
u7XJMS1lkI,soja,2008-2009
T9neOacjXr,maiz,2009-2010
IRypkLJl73,soja,2007-2008
4QQOehSfBW,soja,2012-2013
pfgeK5Fwol,cebada,2005-2006
n7Emwy8GkG,soja,2007-2008
JogjCLSe1d,soja,2009-2010
BqJrVcwkZl,soja,2009-2010
WNskBpjJ6U,soja,2005-2006
ZPJGAVbcAc,soja,2009-2010
GLUYEzCBjl,soja,2009-2010
vH9o2Keldl,trigo,2009-2010
GDBYTL45xE,trigo,2010-2011
hDZCmnCxxv,soja,2009-2010
juDsjEDO0q,trigo,2009-2010
AG5LoYgsed,soja,2006-2007
6MrgYdUkbS,trigo,2010-2011
gMNsF68SU8,soja,2009-2010
JeNOzCxf4b,cebada,2006-2007
YpstwGqeWk,soja,2010-2011
KByBqXoLHR,soja,2012-2013
nxmAq2HyUl,soja,2010-2011
6oQTDQfB7j,maiz,2007-2008
mQulcmIR8a,girasol,2010-2011
svXf6PhNNC,soja,2007-2008
9T1axE1dO8,soja,2011-2012
NBYJwB5GcD,soja,2005-2006
pU8OAFmsbB,cebada,2011-2012
5le6LcJMGi,soja,2007-2008
Udt3vqD27p,soja,2010-2011
EwKNLUc8NE,maiz,2007-2008
JSzxYLZrhp,soja,2009-2010
aCTUEPLRRS,cebada,2005-2006
HfPb3k6fsT,cebada,2009-2010
tCvsATEjLv,maiz,2005-2006
Zv83QMSlnt,trigo,2004-2005
E5ZdgcOmII,soja,2012-2013
GBUC5dfJN1,cebada,2007-2008
FwwNyNjR8X,soja,2008-2009
LMct0IWP5o,cebada,2007-2008
gL1BW5oCOC,soja,2008-2009
Dd9A18XkZf,soja,2006-2007
Hu2to2CMRH,soja,2012-2013
B8cCJ9H7Lg,soja,2009-2010
vO5xHt1TGS,soja,2010-2011
bKRwmBINSO,soja,2008-2009
XOmcM4WNYn,maiz,2009-2010
pJFQhsKEoL,soja,2009-2010
IsuommxINd,soja,2007-2008
7QfYNSjfpC,maiz,2007-2008
5Nar0wvWKU,soja,2009-2010
KAnZaVSujH,soja,2008-2009
GqivP6OAlE,cebada,2011-2012
Mqcvhcsd9E,girasol,2007-2008
8TOv3zRVuB,cebada,2009-2010
mB2U7RaVbM,trigo,2010-2011
jwDMsuxmY7,maiz,2010-2011
1gaPccP48K,soja,2010-2011
FuUGPbh07J,trigo,2005-2006
MqGZCAUBw3,soja,2005-2006
IxjsNMVmQd,soja,2012-2013
7fYbvyDeyJ,maiz,2007-2008
xLAEuMOPXL,maiz,2012-2013
TpIDifZES1,soja,2007-2008
rZgRAcPNHO,soja,2010-2011
gFkqTfDr6k,trigo,2005-2006
DYaWlJCMXe,soja,2010-2011
MPD3qOfGlw,soja,2009-2010
eSBPJf5XXA,trigo,2004-2005
IkjsGVCSqj,soja,2012-2013
7D9LGzivGU,soja,2007-2008
sux4KHjPnG,maiz,2012-2013
Z61JyInBkf,soja,2008-2009
urs4D94v5K,soja,2007-2008
QwGO1afkyT,cebada,2007-2008
1ZZ3rYKgk5,soja,2012-2013
LfwEkANo6S,cebada,2008-2009
9WPPuRyaCy,cebada,2006-2007
4DXdGPCa6w,soja,2011-2012
fRccfNm3Bs,soja,2008-2009
ULPukKLjuX,soja,2009-2010
iykGc0foal,soja,2009-2010
lHDOtskgvw,avena,2012-2013
YQIxL2IglD,soja,2009-2010
EUCyknyQca,maiz,2010-2011
COqPmkIXRE,girasol,2008-2009
Uzemx0oGhb,soja,2009-2010
Tu5etpTsG6,soja,2009-2010
TSUKrH5AoV,trigo,2006-2007
OKV37T4vik,lentejas,2004-2005
XCgcraSKTi,soja,2010-2011
QvBuG2CKC2,soja,2010-2011
qaLLeSoiPY,soja,2008-2009
TwkAZck2wD,girasol,2011-2012
kNAvIQyUkB,trigo,2006-2007
WblrwQKl9j,soja,2010-2011
Kcf5mFgXId,soja,2010-2011
k31uyJLxn6,soja,2012-2013
9KguCdLXQU,girasol,2005-2006
Gj7wouCVRU,girasol,2007-2008
9DXA8WTTTI,soja,2008-2009
YccFXotsMJ,maiz,2006-2007
Nc3UZsPlOq,maiz,2007-2008
GX4nhCKCfn,maiz,2008-2009
UEQ6TxuNqH,cebada,2011-2012
gEtjiTc8F1,soja,2010-2011
zWY4JGGdSv,soja,2008-2009
RvAr3dpx1g,cebada,2011-2012
FhuASdd5ms,girasol,2011-2012
5mPdqit7MM,soja,2011-2012
4nIEfLrVJs,girasol,2009-2010
CZa7i3kM8X,cebada,2009-2010
FDKeqBMkIi,soja,2009-2010
7MWPaCkSh5,soja,2008-2009
Ltev1Nylj7,maiz,2009-2010
JyKdcBnzv7,maiz,2007-2008
i2SFS3SDUA,soja,2011-2012
Ip4vm4Jlp3,soja,2011-2012
s92DlfOafJ,girasol,2010-2011
gOMAdnD61h,cebada,2008-2009
czMeD8Kbiy,trigo,2006-2007
uQNHZ15m76,girasol,2008-2009
UMP2feN3ET,maiz,2006-2007
GqTcVgkoHT,soja,2011-2012
oCtBTTCXGJ,maiz,2011-2012
dkf3mLi9Ov,maiz,2009-2010
cem6HIm274,girasol,2011-2012
VvGO7jrKH8,soja,2010-2011
dusJyedgo2,girasol,2010-2011
dRgQXxiKyp,maiz,2007-2008
OUlessOlDf,soja,2010-2011
tpal9ZRmGF,trigo,2010-2011
otgVKET3YS,soja,2008-2009
swwecpX0bk,soja,2007-2008
fVaHHjqiW7,maiz,2012-2013
xM2erMsLPR,soja,2010-2011
oIOlw1bU1D,maiz,2007-2008
Fhipy0Zoi7,soja,2010-2011
wfSxKLKDgj,soja,2012-2013
eV23Gz4sU6,soja,2012-2013
6jmoZloAaX,soja,2007-2008
GXDjWX4qkl,soja,2011-2012
36mZsTpeGY,trigo,2006-2007
aPGdSXcWP7,soja,2012-2013
cVqPLQBAam,soja,2010-2011
hqKuaqSehC,soja,2008-2009
QIbgv4EYad,soja,2009-2010
fDAWcUxneX,soja,2007-2008
aMPuGzlieS,maiz,2006-2007
u5kWlga0FB,soja,2010-2011
euOoS1JPox,soja,2009-2010
xPKMKaM5J1,soja,2011-2012
YF6Jlr0MsF,maiz,2008-2009
YXBwLcxe3m,maiz,2008-2009
c0CwNWXicq,maiz,2008-2009
jA5pTqiTEa,soja,2007-2008
jl8tiTXg8a,maiz,2012-2013
TkafgwCEgo,soja,2008-2009
5QzAGT2ywG,soja,2004-2005
Zg2hbkB8RJ,soja,2007-2008
iu3JbkGnyw,maiz,2012-2013
c4NcEd6Gc3,trigo,2005-2006
VCjXtLI5Tk,soja,2012-2013
NCfRVHBl5A,soja,2012-2013
ihE6KSjQhM,soja,2007-2008
TEYDlSX4X2,maiz,2011-2012
ouEUMikXUp,soja,2006-2007
hDXuJrN4H5,cebada,2011-2012
QkJyx5RV9x,soja,2008-2009
XxskSFUDmy,soja,2012-2013
3TDaPWSlaj,soja,2007-2008
r0UAySFQxO,soja,2007-2008
OVMIGoXk2J,soja,2005-2006
j5nwfCT8x4,soja,2008-2009
rp4M03oGTm,soja,2009-2010
erI1AYphJq,trigo,2008-2009
13voyb1Sjy,soja,2010-2011
Wboawpdl57,soja,2007-2008
Yjyqk9Oaqh,girasol,2008-2009
RrjNgjyhCi,maiz,2011-2012
giKVIHLv3R,soja,2006-2007
3bB2SvBqW2,maiz,2012-2013
YxtILa2LHE,soja,2009-2010
4xvOUFfpBi,cebada,2009-2010
GEKRGmNRet,trigo,2010-2011
TDrNVDwXXF,soja,2008-2009
lbDizhxfX9,soja,2008-2009
OnMiFcWc4A,maiz,2010-2011
WWNOttarR9,soja,2008-2009
7DkKvk2tQY,soja,2009-2010
WERjP5LlXx,soja,2007-2008
2oMPXb24E5,soja,2009-2010
Ekcb9WVjOw,maiz,2005-2006
sUAdo7Pq0o,soja,2009-2010
P3dlRBNTEc,girasol,2005-2006
YSNB5WhaH6,soja,2009-2010
2fqfRJqom5,girasol,2011-2012
RLXpWcMECd,girasol,2005-2006
KjnuRcLFpb,maiz,2006-2007
4rHuXiEOX0,soja,2012-2013
TyL1ordB6p,soja,2010-2011
oQZcM0FgF5,soja,2010-2011
IJxYEVHRto,soja,2007-2008
RNnmOce2ok,maiz,2006-2007
rdBRGXRWEh,soja,2008-2009
bW1Y5E4Mgy,trigo,2004-2005
B8MyukcamQ,trigo,2010-2011
Le4W6L4XqI,soja,2012-2013
FSoF2tU6GB,soja,2012-2013
5SJQREB4ox,soja,2010-2011
U9cYfhtjFk,soja,2012-2013
2UDpjFjEL1,maiz,2007-2008
PPSiqtw2xl,girasol,2009-2010
zSub2bKvLZ,maiz,2008-2009
gM4tDn9w2U,maiz,2011-2012
xRtQ9kK6mJ,soja,2009-2010
rllmOnOhji,maiz,2007-2008
HQ6LKI9TFB,trigo,2010-2011
xDcsdmcysP,soja,2011-2012
HkB3YZrwHb,soja,2010-2011
fZ2luM44qJ,soja,2011-2012
FoWrhAeK9X,soja,2006-2007
jQIuUqVLmm,girasol,2009-2010
wSMyEGLIKC,maiz,2007-2008
bZ18RhJ62R,soja,2007-2008
dlsvhMlCiY,soja,2009-2010
ye2LdFbyXv,maiz,2007-2008
B9WBHxsa4u,cebada,2009-2010
2hgucOHPa0,girasol,2011-2012
xZezuJFXIm,soja,2006-2007
TSvzdDwWn1,maiz,2007-2008
44NsppIfhi,soja,2009-2010
Rqi9lLX3k8,soja,2009-2010
3ihiid1xAJ,cebada,2005-2006
kdlgdPuavi,soja,2010-2011
bOZKXKg4OR,soja,2008-2009
CRAt9sXBqh,soja,2006-2007
UbLGIyfDZb,soja,2012-2013
vB0VWXpCbE,girasol,2011-2012
dnfniogG0X,soja,2004-2005
xU9JjSIPfr,soja,2009-2010
1b317ZYwlA,soja,2009-2010
BPxqDggswg,maiz,2011-2012
QtAZDu2VKh,soja,2012-2013
NLJQMPzuNl,trigo,2010-2011
5YA4PNk6Gg,girasol,2006-2007
lhawHnrJJC,maiz,2012-2013
1gXJ7ti6o6,maiz,2010-2011
rue2x4Pi9f,girasol,2004-2005
PvN1seojx8,soja,2008-2009
vyoTIvN12C,girasol,2010-2011
7t7lv5pLny,soja,2010-2011
2EuPFn44X2,maiz,2011-2012
CT01vIwJJy,soja,2007-2008
VQscCph1BV,soja,2012-2013
0Cjubyif3F,soja,2008-2009
gFigGfyEyI,maiz,2010-2011
DUh67tvou7,girasol,2009-2010
KuJ5qu4Ya6,trigo,2010-2011
oHLXxcDwpB,soja,2012-2013
F3fwAmq6bl,maiz,2009-2010
CvgW1XR461,trigo,2005-2006
BuIWSG9eDy,soja,2012-2013
qS3WPCIGIt,trigo,2009-2010
2Vpj1qGSuN,soja,2007-2008
T6Ilck3kPG,soja,2009-2010
jGiml8y5OH,soja,2010-2011
yQmoAnfQGa,soja,2012-2013
njg6VIpY4F,soja,2010-2011
onVYaHgZM5,soja,2010-2011
qLWd9gRo7h,maiz,2007-2008
PuR61wPqVS,maiz,2008-2009
7LGctqtaQG,soja,2012-2013
4zuV6vSVmy,soja,2009-2010
xtKEWD5QnV,trigo,2011-2012
gTmHeh2W4c,maiz,2005-2006
W9bRdhM7DA,cebada,2010-2011
5B4PPacU1Q,soja,2007-2008
0hsmyXU25Z,soja,2009-2010
dbhG2MxPSB,soja,2010-2011
YYMcwlDZGD,soja,2005-2006
0Gus3tRXvV,cebada,2007-2008
7Z7op9AnYd,girasol,2008-2009
y7BLj97wiN,soja,2007-2008
Aid5bgy3Eu,soja,2011-2012
YLUfALpK9O,trigo,2010-2011
x8V9UFIbB1,soja,2007-2008
yLicQLJPNX,soja,2010-2011
Kvspb3ARNJ,soja,2008-2009
pLSKUvZmXl,maiz,2006-2007
nW7W8XrRxF,girasol,2008-2009
yIBr8ntIFH,soja,2010-2011
b4d4P80yuX,maiz,2006-2007
ki4rFCP7dN,maiz,2007-2008
McfXTmLN5a,soja,2010-2011
fgeJk4Rl3M,maiz,2006-2007
Jn5NfKZ6RD,soja,2011-2012
Tnp8MJuhg0,soja,2005-2006
IMhwfS17E5,maiz,2011-2012
TXsYtZsTeL,soja,2009-2010
g89WGVoBDV,maiz,2012-2013
CUstRXMSea,trigo,2011-2012
X87Qg2zZVe,soja,2012-2013
tCm3h3YWEl,maiz,2008-2009
3QGvKhTgA8,trigo,2007-2008
HhGO9vQ9Vu,maiz,2007-2008
nP7aTod2Mr,trigo,2011-2012
mPJ3KdknKu,soja,2006-2007
vbdCzl8Pud,trigo,2006-2007
Li3SJWHwXd,soja,2012-2013
oL38ONl9B6,soja,2006-2007
47ghJgUR6P,cebada,2005-2006
4Q87sQdANC,soja,2012-2013
nCWqKuD64O,soja,2007-2008
B9VrqoYKGe,maiz,2009-2010
jK5rSxI69f,maiz,2007-2008
HwromCj1In,trigo,2010-2011
PTwuLmkt80,maiz,2011-2012
YrKdimc1sk,cebada,2011-2012
gAhYyVkhV3,girasol,2009-2010
VvWSqsFbmN,soja,2011-2012
bLFvyxibyb,maiz,2004-2005
Mgl4FkZzS5,maiz,2008-2009
3x1ZQrSfTF,soja,2009-2010
35aI1ZGjBF,cebada,2008-2009
MXv8cBsCBL,soja,2011-2012
HEJInjAFQd,maiz,2009-2010
UTh4kid1To,maiz,2009-2010
HoMDwyNpAY,soja,2008-2009
BSlUkZEuoe,maiz,2008-2009
YJ7GNsy1tS,soja,2010-2011
pAICNFBk5L,soja,2010-2011
UFEAcPaQ5j,soja,2007-2008
JFn6jYfxSU,soja,2011-2012
b1niHBbHCV,soja,2008-2009
j2f1E3GPoL,maiz,2005-2006
l8aZDK7sHa,maiz,2012-2013
NtbAcsLEAX,soja,2009-2010
jtZPuoSBEH,soja,2010-2011
W0P7ZcQgVh,soja,2012-2013
Hsbs3ElOSv,trigo,2010-2011
vCoVbjK4uY,cebada,2006-2007
LRYkY8Nyos,girasol,2011-2012
g6lIyoWkDx,soja,2011-2012
f9AVelFypA,soja,2012-2013
YBb7vAFJ84,girasol,2008-2009
bZBl5pWKpM,soja,2008-2009
TNX5UTFjnN,cebada,2010-2011
n1CxzJ7nw0,maiz,2010-2011
pXa1Jeqpyg,trigo,2010-2011
CS4jYYDnI1,girasol,2011-2012
B61N31gAod,soja,2007-2008
AeBkfUPWLO,girasol,2005-2006
DXqIHPqUD9,soja,2008-2009
XMcRBPF8hc,soja,2011-2012
VOFXlIYSSN,soja,2008-2009
6c3HNimnF7,soja,2010-2011
CTe3lvScQf,soja,2007-2008
lv40TpJ2Jl,soja,2012-2013
PPOSglBTZQ,maiz,2007-2008
altFofBHHb,soja,2011-2012
w3X241rM3B,maiz,2006-2007
8SaWuHI6kr,trigo,2007-2008
XMdRbR7miO,soja,2010-2011
OfRvhVwZr1,maiz,2004-2005
k0TLWPcoVN,soja,2010-2011
g3jKULlb7U,soja,2009-2010
zVBRRswOSp,lentejas,2004-2005
PDpsXMIABn,maiz,2008-2009
YrqICKcxvk,soja,2011-2012
SvFdNgWK6y,soja,2011-2012
USOLkafNYb,soja,2008-2009
81XNfu5CFA,trigo,2006-2007
APfMP45kky,maiz,2011-2012
HGRfaCGHZo,maiz,2012-2013
shpP6VKAgZ,soja,2012-2013
Kqy0DP5IAp,trigo,2009-2010
HR5j8gvOwW,soja,2009-2010
DpE3FJYZUF,maiz,2010-2011
9o69oJXtbh,trigo,2006-2007
jt9odHVZfS,maiz,2011-2012
5sIJuXdT77,maiz,2005-2006
iGvoPk9wek,trigo,2006-2007
eNenCI5hrk,trigo,2007-2008
AwdTGY1t28,soja,2008-2009
TOi8DvQIdI,maiz,2007-2008
3oEgHUFIOI,trigo,2012-2013
QP3oLdc2MM,soja,2007-2008
Npl7xx3OGg,maiz,2011-2012
gJUu0lQG4n,soja,2012-2013
XUDaJYEuaa,girasol,2010-2011
HyQ35O18mH,soja,2007-2008
oTaJOb5nq9,maiz,2004-2005
cPdp0wOEry,soja,2008-2009
o9wFC3dDBQ,soja,2008-2009
Uyt5IHfN6X,soja,2012-2013
XiwBXw7vBy,soja,2012-2013
u08rFKusW6,soja,2005-2006
J15C6NUllZ,soja,2007-2008
JJIFTpCblN,soja,2007-2008
agOiYd2TWZ,soja,2007-2008
ZpZe2f3WRn,cebada,2009-2010
6k7O0aEDC0,cebada,2010-2011
amgyVFcXi8,girasol,2009-2010
7IxgwzM0Vn,maiz,2010-2011
obYvzYWEli,maiz,2007-2008
EMVvK1BwYt,soja,2006-2007
5fD3NA2jAX,soja,2010-2011
Xy96t9eQNQ,soja,2011-2012
AcmfX7gi4F,soja,2012-2013
d9uqCI1E2B,soja,2008-2009
maAvg56LVT,soja,2007-2008
lf6YKdf1Nj,girasol,2008-2009
G0sCq5UrJW,girasol,2008-2009
367D2nI89n,soja,2011-2012
buThTnL9oh,maiz,2007-2008
s5ilHZqlRA,girasol,2007-2008
IUGPhIC0QL,soja,2007-2008
n1GHij54st,maiz,2007-2008
llzTXG3O2U,soja,2012-2013
YKxoig7ugX,soja,2010-2011
GUYWlHGrK9,soja,2008-2009
7QN6F7lN2S,cebada,2009-2010
uIwTojk5a5,soja,2010-2011
EMB98lbAOT,maiz,2011-2012
EWtbcAiOXk,soja,2008-2009
qR3nuqXev8,maiz,2008-2009
jAVuJdgun6,soja,2012-2013
O2bJdETMc0,cebada,2012-2013
7TR9HM1o1w,soja,2011-2012
wl7RgQ5NLs,soja,2005-2006
V3OxCfKDUL,maiz,2007-2008
AQ7HsngxB2,soja,2010-2011
qelljnL3JG,maiz,2011-2012
ypJNmV37iX,soja,2006-2007
SsxZAqNqoZ,trigo a,2004-2005
sfEeRxSm1l,soja,2007-2008
3zbMNOrQVa,maiz,2010-2011
xxSvYclvTa,soja,2012-2013
UMGi0igSUh,soja,2006-2007
EYgpt4ElUk,maiz,2011-2012
MRioNGS9Cu,soja,2008-2009
khH1QHj7jE,soja,2012-2013
nxlUogY3S3,maiz,2010-2011
noUWerm62y,soja,2006-2007
2lgJm7aWDK,soja,2012-2013
k1IWW7D5Af,soja,2011-2012
9xVdT9VGGX,soja,2012-2013
GHJwa73AdH,soja,2010-2011
UNInuot8t4,soja,2011-2012
n32JgVSCli,soja,2007-2008
j2z4xZA2kn,soja,2011-2012
IFBa36PwEK,cebada,2011-2012
22M4L3ZnGL,soja,2005-2006
V0NV4M6ENp,girasol,2007-2008
2g6DH8Jg6W,soja,2008-2009
17YNBtRkhg,soja,2010-2011
6DgTikooyD,maiz,2005-2006
e1skEAsXqy,maiz,2012-2013
5r6dFHXg2E,maiz,2007-2008
N7R4aBpPyo,soja,2009-2010
cepVP5fIcX,cebada,2008-2009
HhPNLeesLf,soja,2006-2007
7hnYmOjbni,soja,2007-2008
QQNGwmLc5x,soja,2006-2007
ALfZi1ENtY,soja,2011-2012
41HrZ3GJf4,soja,2012-2013
36UQMRCi4H,soja,2009-2010
gEcMnMN2jH,soja,2010-2011
anIqfrtuBZ,soja,2010-2011
yEfUd2vqk0,girasol,2008-2009
7RFkn26B4p,trigo,2010-2011
SedkVJcPEn,soja,2008-2009
yE2ehghdWS,soja,2010-2011
detsOhuVsy,maiz,2005-2006
LLdz69JiYX,trigo,2005-2006
WXlYCTFt7l,soja,2010-2011
LlQFepwZKo,maiz,2009-2010
ZgADgFMzxt,soja,2008-2009
XURJ3dmIXt,soja,2010-2011
4sfU8KK5te,trigo,2007-2008
tTL4g2J22H,soja,2012-2013
vZlOro2e7Y,trigo,2011-2012
YBREgZY1eS,soja,2011-2012
fYv1bc3ue5,girasol,2011-2012
CbexyWm1Bt,maiz,2007-2008
Zk52ylbXlG,trigo,2010-2011
1SnwTQZWLF,soja,2009-2010
cXqGVpmIqy,soja,2010-2011
CRiHSh34Go,colza,2009-2010
KHH9EkYnHt,girasol,2008-2009
3tRtAwjxEa,maiz,2009-2010
vQ2fhUNkYd,maiz,2010-2011
mEqEwFJI1q,trigo,2012-2013
Zstp28abvr,soja,2006-2007
Vylwsvsct8,maiz,2007-2008
DpYFVGis0I,cebada,2009-2010
WZBQPDY1oV,cebada,2008-2009
sJUeGNa90V,soja,2007-2008
HDLpSq5Cj6,trigo,2004-2005
TGfeg5rF6g,maiz,2007-2008
jy0EdGcEQc,soja,2008-2009
jhp5WJvcUf,soja,2007-2008
ixvNdbTVqZ,soja,2006-2007
CbXCpBTSPt,soja,2008-2009
59auE8EAji,soja,2009-2010
oShkpKMJpE,soja,2012-2013
s2oQFfbh82,soja,2011-2012
McvEK3Eksu,soja,2009-2010
bDBC8PKMY4,soja,2008-2009
5OWl8M7Vfw,maiz,2010-2011
iYyYyDEavL,maiz,2006-2007
cXYmjgC42k,maiz,2009-2010
879etH10mh,soja,2010-2011
wVGv4F9Hp5,soja,2009-2010
dScBFMrRPt,maiz,2010-2011
CX2KCvbDvO,soja,2010-2011
ustBnxQxFG,maiz,2007-2008
2rhe4w1vOQ,soja,2007-2008
uJbnUPluN1,soja,2010-2011
BPss4wp5rE,maiz,2011-2012
VhnTZidMF2,maiz,2012-2013
69Lgxp7jkU,maiz,2006-2007
kvtdnxZd3S,girasol,2008-2009
rYAg2jOf6d,maiz,2004-2005
hCn3sls0Ud,girasol,2009-2010
UFZOsNMS2P,soja,2005-2006
ttx4aznyfu,lentejas,2004-2005
cN7QQ0CK0g,girasol,2007-2008
xVvXtouGHw,soja,2009-2010
fBqdGRd4QJ,soja,2007-2008
y4g5U76gR6,soja,2008-2009
NPbKwU8rkP,soja,2011-2012
pRag5q8iuY,trigo,2005-2006
2tciy7p5mH,trigo,2006-2007
BBgmUdHdV3,maiz,2011-2012
3LTd2YUAHP,soja,2012-2013
8YQoLuRcXw,soja,2012-2013
faI9FKhjUy,soja,2004-2005
9DISYJl0A9,cebada,2011-2012
FIhf73aYf8,soja,2006-2007
VLjnUx8Chc,soja,2007-2008
BroTKNm6Nx,girasol,2011-2012
FcGvJNysue,soja,2008-2009
2RzkFUiNgR,girasol,2011-2012
yrInLcB8iY,soja,2006-2007
6xCMtUisOe,soja,2006-2007
YP5XBK2tgi,soja,2010-2011
LfadUvHf4z,maiz,2012-2013
EAwQWqvFkJ,soja,2009-2010
tIjyqtJsn0,maiz,2011-2012
b9gCmB84qC,soja,2011-2012
35M1VsrR8c,trigo,2007-2008
k2uU1lOKeC,maiz,2011-2012
U22Ou27BaK,soja,2009-2010
KGL1S8CaC2,maiz,2007-2008
lF78Gc1849,soja,2008-2009
loAgIBSgV7,soja,2006-2007
spNEqpN2QZ,trigo,2011-2012
4CoBK5nLEr,soja,2010-2011
Tygefyp8fK,soja,2008-2009
FYAcm1S93s,cebada,2009-2010
i75XIPc6kq,soja,2008-2009
xEpesVdhdI,girasol,2010-2011
3tqDWcDymG,trigo,2006-2007
rVMw2eMfl6,soja,2012-2013
WjLMOEr2vW,soja,2012-2013
KyPBBvnOua,maiz,2009-2010
em62i8g5nS,maiz,2011-2012
CJCWfakXcg,trigo,2010-2011
4wfT8qPwFJ,soja,2012-2013
Xt6cvpkcuY,cebada,2008-2009
56rHdXrO5U,soja,2008-2009
49Sjcaa1Wp,soja,2007-2008
L4kRggGSJB,maiz,2007-2008
1OIsfuQXJW,cebada,2012-2013
2NfU7H4hIb,trigo,2005-2006
XdeI5MxLnH,soja,2007-2008
XoeohKj8r3,soja,2009-2010
etQJOXbSFt,soja,2008-2009
4mXi4c52ys,cebada,2011-2012
JVhxKPI4YA,soja,2010-2011
7C4XWS57uK,soja,2011-2012
1y7ZiBCnEA,soja,2006-2007
gXfOV1on5M,maiz,2007-2008
xDZ2k6UpDQ,trigo,2007-2008
AFPHn8S0ug,maiz,2011-2012
AcDq1irpWw,cebada,2007-2008
CV9lXtr2j5,maiz,2005-2006
SuKrC9ye9u,soja,2010-2011
LJWYAYI1Oo,maiz,2011-2012
xaK8Mr2Etl,soja,2008-2009
KMgeDsnDXv,soja,2008-2009
8sFeRPDjRa,soja,2008-2009
YPBsWXkYme,girasol,2010-2011
K711lEtZRQ,trigo,2008-2009
VYJkDkAQUb,soja,2007-2008
141CwXkh7X,maiz,2008-2009
LReMSQaLy2,soja,2012-2013
mUa6FnqQEM,girasol,2009-2010
2FP3SMaC4h,soja,2010-2011
jP8OlanMwn,trigo,2006-2007
OjIypXmgw2,soja,2007-2008
3yHS2jocvs,soja,2009-2010
JgIS443sQz,trigo,2011-2012
foixnYVaFS,maiz,2012-2013
cIRtkTdZ6a,soja,2009-2010
SPGkrLpuEG,cebada,2009-2010
ut5ertDNUR,trigo,2005-2006
p7jH2Ukf4q,maiz,2011-2012
GWHWI9r856,trigo,2009-2010
OzzTerNqEr,trigo,2008-2009
J4y3L1X6gb,soja,2010-2011
xw8FTQOLXS,maiz,2010-2011
RvSRP7ImxX,soja,2009-2010
dHbcJwdq3K,trigo,2005-2006
R1HZGkzd6X,soja,2007-2008
7XTZyrgIee,soja,2012-2013
oIuQvENZ5Q,soja,2007-2008
sXRA7gu7L1,trigo,2006-2007
dRZ71Yzhqd,soja,2008-2009
MfwH6rWTRb,soja,2007-2008
sK8KVF1PML,soja,2007-2008
R0n07oY7WP,maiz,2006-2007
ks5hABZgd1,trigo,2007-2008
IWMQqqgrH2,maiz,2009-2010
Dh31iApHHM,maiz,2007-2008
f2FkjPvK6Z,soja,2010-2011
LO6hpwYVop,soja,2006-2007
Y2Xa3GksW2,soja,2007-2008
ED5Txots90,soja,2007-2008
SUPZBEWkjM,soja,2012-2013
aIO8tROeJu,soja,2010-2011
gY8l25avyi,soja,2006-2007
vRDL1OZY9K,cebada,2008-2009
ticIqViFA3,soja,2009-2010
AqaIccNDYM,soja,2010-2011
vUn9poXPNg,soja,2012-2013
jHQLZHqIW1,trigo,2005-2006
LgsvyVYMi7,cebada,2007-2008
iebXnRMMqj,soja,2012-2013
3a1SvajnsG,soja,2009-2010
oEwhAvDiJv,soja,2009-2010
p2aRZPsvkk,soja,2009-2010
fnKgHHH14B,girasol,2007-2008
HsPFaZBnIU,cebada,2007-2008
j7WLY5jR1V,soja,2009-2010
CgJWOanfbr,soja,2010-2011
qslF8MoJA6,soja,2012-2013
ntEJFmPyEQ,soja,2012-2013
UQ8oxVPlB0,maiz,2007-2008
d2tPH2l6Kv,soja,2009-2010
C8pQR5Dq5R,soja,2008-2009
IZsPOpvmb7,maiz,2006-2007
mF9geQiQW3,soja,2007-2008
MiBC9dHMUL,soja,2009-2010
omugCJW869,soja,2010-2011
FsOOa3oITL,girasol,2011-2012
Mp4X2DBJZf,soja,2010-2011
eOSa5dscly,cebada,2010-2011
k1s9OSCDlf,soja,2007-2008
X7VbeXopqP,soja,2012-2013
VVnw6sbyVN,soja,2006-2007
HXCn9qLygC,soja,2010-2011
OChC9n5jmZ,soja,2007-2008
7kpVbFHuqH,soja,2011-2012
08oCvx4Gwk,soja,2012-2013
SLvAW5xbpk,cebada,2006-2007
BwU1R6Gj26,maiz,2007-2008
12EpEAnIQk,soja,2007-2008
3t6y4c42Et,cebada,2012-2013
lPpHQINg2P,girasol,2010-2011
n3R2sgCgyc,maiz,2007-2008
R1WY0aB4cP,soja,2006-2007
xPongG54w7,soja,2011-2012
TjAul2bxia,soja,2012-2013
bBb8ibitfM,trigo,2006-2007
Jck8QROWVL,cebada,2006-2007
dy5mtroVpY,soja,2007-2008
6RihZRJJLy,girasol,2011-2012
efbPn2qCYM,trigo,2011-2012
XCLcyFUolL,soja,2010-2011
Mrm6ZMXsft,soja,2012-2013
qKYSkMVbY4,soja,2007-2008
x6GJiFYE4K,soja,2009-2010
YRCLWlh5dN,soja,2012-2013
xUhWxSsT4R,soja,2012-2013
X2XnKH3tV7,soja,2006-2007
E4YQP5C7Ap,soja,2008-2009
U8KDeIfYli,cebada,2007-2008
0IkY65o9yK,soja,2007-2008
GDOodntou4,maiz,2007-2008
1PMlwRrmaq,soja,2010-2011
7q4VfgJZWE,soja,2009-2010
cBdoBHfSY5,soja,2010-2011
WaUrMRKDEu,cebada,2010-2011
4Ll8qRoA0L,soja,2012-2013
NcW2ShI8Ar,girasol,2011-2012
DgRhZn9s1N,soja,2012-2013
n5iZDY12i1,maiz,2007-2008
N6et86bREl,soja,2008-2009
JRSk82YHua,cebada,2011-2012
ejfMJsvKue,soja,2012-2013
LIkzCt6nKK,soja,2008-2009
Zdl2Ot4xBy,maiz,2009-2010
XpiED278M2,soja,2009-2010
mhKXhWRnKl,soja,2009-2010
8tPtwnn1lz,soja,2012-2013
0JpiX3keB7,trigo,2011-2012
fxo0VWXwKr,maiz,2012-2013
iSl9MiwBji,trigo,2006-2007
Bj21SZ3DEE,soja,2008-2009
KtC9uhfRfz,girasol,2009-2010
JOS5XonUzX,soja,2007-2008
DAHFBjoEw3,soja,2009-2010
SHwePrN5J2,girasol,2007-2008
4cQWhxLVSL,soja,2009-2010
3eVKtg4iu1,soja,2006-2007
lNIj2hbPmu,soja,2008-2009
RqXrNFpikI,girasol,2009-2010
4nxZ9rGDaC,girasol,2010-2011
FNZX7bFh11,soja,2010-2011
cSr9LFOBx9,maiz,2011-2012
T2xRb6JsKt,maiz,2005-2006
4YHd6OFK6G,soja,2008-2009
MijEr5UGGS,soja,2008-2009
QjVNB7TUzn,trigo,2009-2010
P4MghS5wmB,soja,2011-2012
D9twOl2r3I,trigo,2006-2007
LS2ppDwKiw,soja,2007-2008
870Unhwsej,soja,2006-2007
5rsypHkr9n,soja,2009-2010
9UGBK6OHQ7,soja,2011-2012
EYEE33vzva,soja,2008-2009
j1TcyJtjA4,soja,2010-2011
XJYmVsttBK,girasol,2009-2010
1PsFdvIZvE,soja,2011-2012
BfEeIDwDx7,trigo,2009-2010
HURpIviBps,maiz,2008-2009
VqIO6vKNWG,soja,2007-2008
bgvpLF4IR1,soja,2009-2010
PiVqYnmGyc,soja,2011-2012
AVTStYOEwu,soja,2006-2007
UYbQOwfSF7,trigo,2006-2007
TepzVOnIem,soja,2008-2009
uoINHCvfQs,maiz,2012-2013
auRDLqA0JP,lentejas,2004-2005
7m5xmaLar1,soja,2007-2008
OmpgA7s6mJ,soja,2004-2005
zODRaYIkZb,girasol,2009-2010
AgOFeBo0mh,soja,2010-2011
1AUqqewikk,girasol,2010-2011
2k8FCjoUUO,girasol,2008-2009
6e5VtjgijT,soja,2007-2008
QkdubUZYDK,maiz,2012-2013
JF5RUHBJme,soja,2011-2012
hsJmODV5vG,soja,2012-2013
XM1BGbfpBs,maiz,2010-2011
AU8FvcW7vJ,soja,2007-2008
ldC5QaIvfE,girasol,2010-2011
CEZDPpo5fz,soja,2009-2010
wpT55PhbWd,maiz,2011-2012
uII8NhifdO,soja,2011-2012
spcT31Jr6y,maiz,2010-2011
q3oL8tkqVH,trigo,2008-2009
UQYmYvUGb8,soja,2011-2012
eUxHx1IHsP,cebada,2008-2009
GjS55aypRU,cebada,2007-2008
6vufiSbCjD,girasol,2008-2009
LOhJffKyvC,cebada,2012-2013
NCvpI1QHpr,trigo,2006-2007
kvnfbW9Djr,cebada,2008-2009
P4G7Nvmgui,trigo,2007-2008
tIvp8DpZUg,cebada,2008-2009
RFcFuEm4RV,trigo,2007-2008
vqZDyw9kd4,soja,2006-2007
UXMQMUdD48,girasol,2010-2011
tVNWkIkXMC,soja,2010-2011
3J3cV2ZemD,trigo,2005-2006
iHj5h7ZLKd,trigo,2010-2011
SD9pjt9URV,soja,2011-2012
gUok7KmfyZ,trigo,2009-2010
shqcmYjNt3,soja,2012-2013
1MHAC14LVV,soja,2010-2011
qCzfw7zjmy,soja,2012-2013
JfgAITi2qc,soja,2012-2013
5qyM1BN5Xs,soja,2012-2013
24AiERCwT2,soja,2008-2009
ZZsYuujI0H,lentejas,2004-2005
BbeGCiHtl3,soja,2008-2009
On6YVK0hHT,soja,2005-2006
jp3cOxX8GX,maiz,2006-2007
OR94hLmyFY,soja,2008-2009
2dM8CrSCZj,girasol,2004-2005
gJZivxhT6x,soja,2008-2009
1UQAY7VL6k,soja,2009-2010
t8PFGb7ing,girasol,2011-2012
STz2Dv0uQ6,soja,2007-2008
sRbIbAQ7VW,soja,2012-2013
rOeHeusldf,soja,2007-2008
S7AS9MO9Hn,soja,2011-2012
GAFrSq2sxX,soja,2007-2008
Pqv48ay0Lc,soja,2012-2013
gnjpGsCd2T,soja,2008-2009
RIdhA6YByW,maiz,2009-2010
iNNeRVFQVa,soja,2004-2005
3COm2efFIh,soja,2012-2013
ij0MRARzLQ,soja,2009-2010
W4ntiGPwgv,soja,2010-2011
Xj8wWAaCOs,cebada,2006-2007
u7cuT45u4Q,maiz,2011-2012
LaTAUCPtA6,maiz,2006-2007
phpweN7FZW,soja,2007-2008
8UdkP7oT2s,trigo,2006-2007
tNSNXwZwqj,trigo,2006-2007
3gRtd6GkLq,maiz,2009-2010
u7QNUxK5vB,cebada,2005-2006
oyrGsVM9Gg,girasol,2011-2012
zXAKSN5TPI,trigo,2006-2007
XKPxhuv2yr,soja,2006-2007
Dnq44iZQsp,soja,2009-2010
8rOHDqeIK5,girasol,2008-2009
arP0p6ul8t,cebada,2011-2012
dLiTPmDyD5,soja,2009-2010
oKxDcB3HSN,maiz,2008-2009
M3Fl34rxpz,girasol,2011-2012
rTKawjMAiZ,maiz,2007-2008
FXtDkWOnnq,soja,2012-2013
CAtQuwVmuL,maiz,2007-2008
mmo8Mlrjua,soja,2011-2012
JB8DOsjlgX,girasol,2009-2010
cshWJdToQN,soja,2005-2006
AEAyLXkDGf,soja,2006-2007
nZqvnEoX0V,soja,2010-2011
5cOn9iRcXr,maiz,2007-2008
0h6AgRhQex,soja,2010-2011
6SYwPLBEsB,soja,2012-2013
jyn9lwqDZO,soja,2012-2013
5Z6BjmcRDI,maiz,2009-2010
QJkyGAKROD,soja,2008-2009
c8CQGxO8Cw,maiz,2010-2011
WHXcSHP5ic,soja,2008-2009
N9v88CHSdf,maiz,2011-2012
fGnrg4q5C2,soja,2012-2013
2iJZLlpjqZ,trigo,2008-2009
MEiILqUcJ7,soja,2012-2013
IyN6q4Ah9M,trigo,2010-2011
jB44jPpa9f,cebada,2009-2010
9VtrnFiHs2,soja,2008-2009
PB1mHsqRaz,trigo,2007-2008
mLAqOtGEUP,soja,2008-2009
teunWi3F0v,soja,2009-2010
IP7JCNC3om,soja,2006-2007
2b8DTW7jjb,cebada,2008-2009
9dF5RlnV2n,maiz,2004-2005
QJDXcPuoSj,soja,2007-2008
bVLjhoGoYz,soja,2010-2011
Qhdfm5SZaU,soja,2011-2012
O1nbYR2UGU,soja,2006-2007
EryZbhOrWv,girasol,2011-2012
rwdVcQa51B,girasol,2011-2012
ZODN1ln2F4,soja,2012-2013
WTwW3YDRQj,soja,2006-2007
OIf2nISONT,maiz,2007-2008
ZwrmKsY8un,cebada,2008-2009
CRH9xLhBm8,cebada,2008-2009
uAQaCEsedG,maiz,2006-2007
8DD00WsYen,soja,2011-2012
MrFd1DyiOl,soja,2011-2012
qIvIs9WlnA,girasol,2008-2009
2vNFwNlpvR,soja,2012-2013
dIIsvJ6u2T,soja,2009-2010
GW5UghtI8y,soja,2012-2013
gslcBelhQZ,soja,2006-2007
qTVEiSaUHW,soja,2008-2009
vuoEnkXsfZ,soja,2010-2011
NMS9ydokKF,cebada,2008-2009
KBipPQI0ua,soja,2011-2012
WqVL5J5cCk,soja,2008-2009
CZ7ei6IXqc,maiz,2010-2011
mCnU2DuKEp,soja,2012-2013
ukgQ6liBPv,soja,2011-2012
vbV3HE9Zk1,soja,2010-2011
CXC03EExYR,cebada,2011-2012
oTCVsIHcTg,maiz,2009-2010
XPI3SZHb82,maiz,2010-2011
cKZoLc3Zac,soja,2006-2007
1P6DuyVCby,maiz,2010-2011
s9OBCqkSSs,cebada,2009-2010
U6D5uYhx8I,trigo,2010-2011
a9hgMceroG,girasol,2011-2012
qhPFsb6c4Z,trigo,2007-2008
VZejdZILYQ,maiz,2011-2012
d9YLouxUml,soja,2012-2013
kdTAsMlzyq,maiz,2011-2012
YUPEE4nWPL,trigo,2008-2009
w3UVOJQMnD,soja,2008-2009
9XqchjxUjw,soja,2009-2010
KISkWgnJDD,trigo,2009-2010
fAHAefT52G,maiz,2010-2011
HBo8mWrl1b,girasol,2011-2012
iLtB5Prti5,soja,2006-2007
7OFOYt41y6,soja,2011-2012
HGH6O4cGpd,maiz,2011-2012
rYykj4Aaxt,cebada,2008-2009
f5IuTpoWqn,soja,2012-2013
c94tFSxrim,maiz,2005-2006
UaLTM5XWfV,soja,2010-2011
QLaiG4Y5aP,trigo,2010-2011
sDYw7nP5e9,soja,2012-2013
s9jEc6IBcx,soja,2012-2013
g3KHkaKJgu,soja,2012-2013
jZ9IWG5vLj,soja,2007-2008
5EtoSWtkgW,girasol,2009-2010
iNZ3eKdydK,girasol,2011-2012
tNt3fPJkMe,cebada,2010-2011
oWciZI8s3U,trigo,2005-2006
XXuQvBkqLq,soja,2011-2012
T2eSHW6r1i,soja,2008-2009
7pFjYo1gg4,soja,2010-2011
BEb7eXHPOc,soja,2009-2010
GreuKvRQnS,soja,2005-2006
9uJOerCfYs,cebada,2006-2007
jk7Lqls9CI,lentejas,2004-2005
kSAPOULpu9,soja,2012-2013
I44bRiTdO2,soja,2010-2011
X8meUdRNlc,maiz,2007-2008
fX6pwTJHJE,maiz,2007-2008
RbIVDjEfNd,soja,2012-2013
hulUZG81dt,soja,2012-2013
dJQj8NDSeV,soja,2012-2013
g67ybKiqz7,girasol,2011-2012
Uh2GCbWJbA,soja,2009-2010
DFSeyb2C4g,maiz,2007-2008
hkmojP9SF9,cebada,2008-2009
Zjqa03CWNn,soja,2010-2011
ga39E2kGEo,soja,2005-2006
wvZjkI9tkO,soja,2008-2009
3K8uu9x7fK,cebada,2011-2012
uLuxU90GPE,soja,2007-2008
4MAd6uvFph,soja,2011-2012
1fLd7W3Mej,soja,2012-2013
ds2mnwuk3a,soja,2012-2013
5xv0vR9vgZ,cebada,2009-2010
AlvKP2FLH5,soja,2008-2009
3vx5il1dW5,soja,2010-2011
Eb3AbybluJ,maiz,2010-2011
K54GPTIeoa,soja,2012-2013
jqVhvETwrz,maiz,2009-2010
26b5HD3syx,girasol,2005-2006
CK3GaRjs6X,soja,2012-2013
TpOyYKD1H6,trigo,2010-2011
1JCcOTpRMo,soja,2007-2008
PX9SnjtXc0,soja,2011-2012
56pT5OnIP5,soja,2007-2008
OQOa3m3sEP,soja,2010-2011
idxq5layJD,soja,2008-2009
yOIprNEffd,soja,2009-2010
l45Ae8wh1B,soja,2012-2013
7jo5btqCt9,soja,2008-2009
PsXhiP5w5l,maiz,2010-2011
aqpe1TmxBo,cebada,2005-2006
9IYxNArELk,soja,2005-2006
NkduSMKXJQ,cebada,2010-2011
JsH9YHcLFo,trigo,2007-2008
y6yd2RzMyI,soja,2006-2007
mJB3SjL55a,cebada,2008-2009
tFy1xLVpZE,soja,2008-2009
4YL3BMUBiT,soja,2010-2011
TVmeZEPtJU,soja,2012-2013
UDjTEhokYO,trigo,2006-2007
ycvKf8gAIQ,soja,2010-2011
dlvQRVeqPx,soja,2009-2010
LtC5NQmDBK,girasol,2007-2008
aAwXUceClx,maiz,2004-2005
bPjXpB3U2S,trigo,2006-2007
SMMeRj6DwH,soja,2008-2009
YXRU5v7j8t,soja,2009-2010
hjJRI9cLde,soja,2010-2011
m719lSsrgp,lentejas,2004-2005
8ENZjSWqCe,soja,2008-2009
ktO4LgDx2q,soja,2006-2007
doxexj7qan,girasol,2008-2009
hi35JlXpcj,girasol,2011-2012
UNdsRyaewb,trigo,2010-2011
VaRSFPCNGm,soja,2010-2011
BxVD3ozZec,soja,2010-2011
J9zw2Rvc5s,trigo,2011-2012
EaTf3i5E6L,cebada,2012-2013
22DVhGEmUK,trigo,2007-2008
8VbR37nOak,soja,2006-2007
Ph0YoDkMLY,maiz,2009-2010
yNaCrIS75w,maiz,2009-2010
RDS3fVATuk,girasol,2011-2012
EJTEsHRcdm,soja,2007-2008
Bd9lp24I89,soja,2009-2010
FaNhd2EnV8,soja,2008-2009
YjS2xKJPxx,maiz,2010-2011
B9bKuQMyiU,maiz,2009-2010
8x5VgiXtW4,soja,2009-2010
35nU7lpRBm,trigo,2011-2012
PMv0gqR3pA,trigo,2007-2008
Yx9cToL2jr,trigo,2006-2007
6lwtH5f6Wq,trigo,2005-2006
tvDpvugNxV,maiz,2012-2013
XVUg9xVUzF,soja,2008-2009
M51KyIPeOu,soja,2011-2012
VHqi7mdnAa,girasol,2011-2012
Jh7nOGltkl,soja,2007-2008
97qAQpSpUp,girasol,2009-2010
kz8ciFPL3Z,soja,2009-2010
wMH4AfJvZ4,soja,2008-2009
giBXsbNKRr,soja,2008-2009
BDrIpaXEva,soja,2010-2011
nrw5v6kF2K,maiz,2006-2007
Ji3UHv6eGY,soja,2010-2011
WQlOjayHpt,maiz,2010-2011
nHgqlxmrc2,trigo,2005-2006
Q9TCXCmWTc,soja,2011-2012
QLGDAyu6Ss,soja,2012-2013
3GAj7vhsnJ,cebada,2011-2012
vESOQ0bDW5,soja,2009-2010
pwR6Ab45hW,soja,2006-2007
xkm8Us3Bmq,maiz,2008-2009
Vi5x7VxiiU,maiz,2006-2007
nYSFebqigX,trigo,2006-2007
FeI2mmupxh,soja,2009-2010
gTPlRWHQF0,girasol,2011-2012
u3YNIDy9wf,soja,2008-2009
gCKyD7k8xi,soja,2008-2009
peCFQdlh41,soja,2008-2009
hy4HLMUKUR,soja,2011-2012
0BdLAqSuyQ,soja,2012-2013
dn4q3VUoDY,trigo,2006-2007
puXtCsGhEk,soja,2009-2010
9EvlZ6c21b,maiz,2010-2011
Y7A61MzH3D,trigo,2008-2009
2CRyx15a36,maÃ­z,2012-2013
CUlb1H53HM,soja,2011-2012
HqURwVnwmq,soja,2010-2011
Ao3bn1csbf,girasol,2011-2012
ynAjPC1UFJ,soja,2006-2007
qWAKx7pl4c,soja,2005-2006
cDSfoGgR9I,soja,2012-2013
776IrVTs0i,trigo,2009-2010
CqGMBET10X,soja,2007-2008
eck6JZM02V,soja,2010-2011
J9cPQUuuOu,lentejas,2004-2005
daltww8Ry8,soja,2012-2013
xclij4J65K,trigo,2011-2012
bNTEmujhp7,girasol,2007-2008
dTiPNfMV7L,maiz,2011-2012
SOvvdipMRf,cebada,2010-2011
U49DTWsq2z,girasol,2011-2012
Bg596sqa1d,soja,2009-2010
9S35OfoE3F,girasol,2009-2010
tXK3jnZcec,cebada,2008-2009
cpIhyOapyb,soja,2007-2008
T84WDSD2gG,soja,2012-2013
IbmbeXQFA4,soja,2008-2009
qmuAUtY5jX,soja,2008-2009
gDgkktDwvt,soja,2007-2008
DEV0pAXGOh,cebada,2011-2012
KGUFQx9y3r,soja,2011-2012
Wj6DTp7gn3,cebada,2008-2009
a1G616GYMe,trigo,2007-2008
GhujvKh5Jk,soja,2008-2009
wpU33xtAeh,soja,2009-2010
CFhTLiZbHv,soja,2008-2009
GXdBHZWyep,girasol,2004-2005
kcfFfjDZsr,soja,2008-2009
G58yYTh85y,girasol,2011-2012
4MVhXmH4mv,soja,2007-2008
tWYalEJxnC,maiz,2007-2008
q4Ix2qRjyX,maiz,2009-2010
i3sEkQ23Un,girasol,2011-2012
yPKXy6lI4Z,soja,2006-2007
UudmsfdLPc,soja,2007-2008
r8flNQCOTh,soja,2012-2013
CS6X05dlNh,soja,2006-2007
LscxfWdIq4,soja,2008-2009
ujCaUY2hxV,maiz,2006-2007
OAxUgxaKkx,soja,2008-2009
26qe4VBhn2,trigo,2011-2012
qMeoqLmRfX,soja,2010-2011
PicFNgkYPZ,soja,2009-2010
ZBIL9cbfxY,soja,2012-2013
AouodlAQDp,maiz,2006-2007
xcYarvHcTg,soja,2010-2011
C4qUPz71f6,soja,2009-2010
ZouUdYHnyT,soja,2009-2010
dw6CXx8oab,cebada,2006-2007
UlfLG4LO50,cebada,2010-2011
TepOATwQHv,soja,2011-2012
uur17PxFEY,maiz,2007-2008
qiKW4bbPyg,lentejas,2004-2005
PSLFqVinvy,lentejas,2004-2005
jqtbr21pHE,soja,2012-2013
O8wie1KGQJ,soja,2011-2012
vplI5dnmRj,cebada,2010-2011
mBagmShnIy,soja,2010-2011
2g7yPl0i2Q,soja,2012-2013
2xGnGLR49s,maiz,2010-2011
mu3ObppKd8,soja,2008-2009
JfoQeDDevF,trigo,2011-2012
6xDMlThDWq,girasol,2011-2012
6Kl9hNyYhc,girasol,2010-2011
g1HVSviebf,soja,2007-2008
tgd73Qakd7,soja,2006-2007
bjRNsAkriS,soja,2011-2012
UPUluwidbJ,soja,2012-2013
JV1wc4NDo1,girasol,2008-2009
KPklmdvXVe,girasol,2011-2012
003UmxRUb3,soja,2012-2013
otYoqBsEOg,soja,2010-2011
Fi7yUscQQ8,soja,2008-2009
5R88vu6NPg,soja,2006-2007
PEbx3S9vgW,soja,2008-2009
dvFjujdXB4,soja,2007-2008
fFVnNRiTo8,maiz,2007-2008
AFMlDQEMMu,soja,2012-2013
szq8jlsNJ3,soja,2007-2008
RyJwmgPV9E,soja,2012-2013
dKT15fQK2m,soja,2011-2012
Fum73WsvtC,trigo,2006-2007
yMBIJxxiT8,soja,2011-2012
w7RP8X6Yr8,soja,2008-2009
L739D6f62Z,soja,2010-2011
I1vTIFRHxu,soja,2008-2009
Pu2qKAOQiF,soja,2009-2010
Y4MaDZgsfi,soja,2008-2009
SxjOR2dsJb,maiz,2010-2011
mhWoYrywIh,soja,2006-2007
DqlZRx98qo,maiz,2010-2011
qJnahFcL8u,trigo,2006-2007
wudUjCLi9e,trigo,2012-2013
QMUCvwB552,soja,2006-2007
uvKhW2w8N5,maiz,2010-2011
4KzgojtAT3,maiz,2012-2013
otPJ6LGHQL,girasol,2009-2010
ILHd3nf0v3,cebada,2006-2007
5zN5gCoaMI,girasol,2008-2009
dBC4UIPkZp,trigo,2007-2008
6rBOUEBAF8,soja,2012-2013
DK8aPomEP9,maiz,2005-2006
W3Ki7p1Waa,soja,2012-2013
MgRX5vlG61,soja,2006-2007
OJLWtkLgyk,soja,2012-2013
pVoBEv0FRa,soja,2011-2012
pnIHLND7dK,soja,2005-2006
82dTYXEtED,soja,2012-2013
e4iTFwOFCp,soja,2006-2007
p2d8JyVW78,cebada,2008-2009
qFBUii2wcG,soja,2010-2011
AHKskZp9o2,maiz,2007-2008
ze4dmNdItj,maiz,2010-2011
QkybFhKHfx,soja,2010-2011
XpFri0RY9G,soja,2006-2007
BRhA2wrNDX,soja,2012-2013
KkNZd6Z5ej,soja,2010-2011
LGsHvgzx70,soja,2005-2006
uIRcSTYKqm,soja,2009-2010
rBXFkBLLG0,soja,2006-2007
5bGxsCesAl,soja,2012-2013
s53JhVmGpd,trigo,2004-2005
3hoawZlHu1,soja,2006-2007
HzcXwVjbOt,maiz,2007-2008
NHyQagvNxl,soja,2012-2013
10TpaPPMgK,girasol,2011-2012
NyK1WHWGsu,maiz,2011-2012
AGBAglqc9o,soja,2008-2009
OAoq0PGPlx,trigo,2006-2007
j9w4ATLgjF,cebada,2009-2010
btUm4BZuni,soja,2008-2009
jCsZ3syKIk,soja,2011-2012
H3uE75hSkR,soja,2011-2012
hMLCAPOiLC,soja,2010-2011
R5OKeRDdlV,cebada,2009-2010
O3YJHfNy89,cebada,2006-2007
QoVl1fCPOW,soja,2006-2007
bpczAHROtD,soja,2007-2008
tIGSbX8yWG,girasol,2005-2006
8w5di6JuVh,cebada,2006-2007
S7Y47iLY7F,soja,2012-2013
k1Y1TAYa96,trigo,2007-2008
qH3vum2EhX,maiz,2009-2010
v9eUDlDYJJ,soja,2012-2013
n5KM6mWeOf,trigo,2011-2012
kFvnAqaC5I,maiz,2007-2008
k1RPVeBhDU,soja,2012-2013
21ZLNf9tKX,soja,2009-2010
Y5lVsvMT9R,lentejas,2004-2005
ltTDIxrTg5,soja,2007-2008
xh6X4TCDNW,soja,2007-2008
jwbVSVSoyb,cebada,2007-2008
GkUjxmhoGO,soja,2006-2007
tE60lAUxNr,soja,2008-2009
U7o6cGb55a,soja,2012-2013
fLLB5Jxm8E,cebada,2008-2009
B2TH3ERWCn,trigo,2010-2011
OguDnXTPcY,trigo,2008-2009
0ItMTyfRkn,girasol,2011-2012
fvq9DsNePZ,maiz,2004-2005
SnHO15vUTY,soja,2011-2012
3UqwpKvVkg,soja,2009-2010
JRcAZp3xUS,girasol,2011-2012
XwHoLIsHmN,trigo,2011-2012
ppqfmh0iDl,maiz,2012-2013
PWC2gmrjjM,maiz,2010-2011
CHJT6elyvY,trigo,2012-2013
MlODRBuRs8,soja,2009-2010
DIePJLCB5v,soja,2010-2011
XHDqkJWVIS,soja,2008-2009
4dESrfcl7W,soja,2012-2013
rqG4i1NEXf,soja,2006-2007
hbJu3Bagwi,maiz,2010-2011
Dr31Qm9KiS,girasol,2011-2012
KaKae3b2H9,girasol,2011-2012
hyk1tnCUUA,cebada,2010-2011
Dg1GhR3rml,soja,2009-2010
K6Meg1gJ4x,cebada,2011-2012
SlwCmq0yLU,soja,2009-2010
9YBAotcrkO,soja,2010-2011
d6U1kC2RU6,maiz,2007-2008
PwqM9dD9dY,soja,2007-2008
dm8owwiZoU,soja,2008-2009
xSZTTKeVlA,soja,2009-2010
aB6RYF6lOj,soja,2008-2009
L3WSrTPa3E,maiz,2008-2009
51gfU9yAek,maiz,2007-2008
JFwQhVfnH4,soja,2009-2010
Wc735yWUZZ,soja,2012-2013
hfbOK6XKGC,trigo,2005-2006
5ZS2z9Wfwn,maiz,2007-2008
jTQqWUp4yQ,soja,2012-2013
dg5F5PLcjb,maiz,2011-2012
poBHqARNpO,cebada,2011-2012
BZrbQP6GS5,cebada,2012-2013
g6llLqBgTu,soja,2006-2007
HJjSaac2wS,soja,2009-2010
Q82IjSgpjA,soja,2009-2010
uPGhBbYMI3,soja,2007-2008
IZM22wbfyY,soja,2010-2011
8PhBhRdOHM,soja,2006-2007
YCmntxPSKg,cebada,2008-2009
VcGqdJnFxn,maiz,2010-2011
o6CVHtwuIE,soja,2012-2013
HpR4eL24nM,soja,2006-2007
kJy2AcKyrJ,maiz,2011-2012
lgPyCgs9bB,soja,2008-2009
Ns1owfAyix,girasol,2007-2008
MTHKVRxpQp,cebada,2007-2008
8CWXBiE3sp,soja,2009-2010
C27TMbuKRK,soja,2011-2012
AaWg8hPMlH,soja,2006-2007
CyXvEcc8rI,soja,2008-2009
l5KrYgTS1v,soja,2007-2008
nAVKqd2G1n,girasol,2004-2005
XDm591ikAa,girasol,2005-2006
3ueNnD4Hf4,soja,2008-2009
DTFin5MqLN,cebada,2008-2009
esaRxjSgUc,girasol,2006-2007
HYXvvL9ycp,soja,2012-2013
4pJIZ7Ovxj,cebada,2006-2007
Jcct4adWH8,trigo,2006-2007
9YfgUb2eaf,cebada,2011-2012
TeVmw5tL1r,trigo,2004-2005
5KUhDYIq4Y,soja,2007-2008
yD7etbGwGq,maiz,2012-2013
cjV8WTDRoE,soja,2006-2007
JtXnblMsbQ,soja,2005-2006
RaeZFYBVVR,cebada,2009-2010
M8BrGhLT99,soja,2008-2009
gS3FGe0cXc,trigo,2010-2011
3yDhYSGjxl,soja,2007-2008
BJsLB93WcC,maiz,2004-2005
fJdjYtNYWu,maiz,2010-2011
BauOITpXDn,soja,2009-2010
JO7CjILmox,lentejas,2004-2005
xUGcEoWbN4,girasol,2008-2009
XYdSwvvmT9,centeno,2010-2011
amXhyG0K3p,soja,2012-2013
I2KYdYNBAk,soja,2008-2009
EhJrAGn63H,maiz,2009-2010
Fc5mK43LO6,maiz,2010-2011
Af8UEm4cwE,trigo,2006-2007
NBvg47wrDz,soja,2009-2010
9ScEFxIIJg,soja,2005-2006
PTMXxaK2DH,soja,2008-2009
GaSCHWJFOW,soja,2009-2010
EYyrmEo4X8,soja,2009-2010
5rVY5n5O2T,soja,2010-2011
kwb7UZhnbu,soja,2009-2010
uH1t8n8xrf,soja,2012-2013
6cchj6HRus,soja,2011-2012
MzkrXpfcDh,maiz,2009-2010
58y727tA5m,cebada,2009-2010
pAPSr9Y9aT,maiz,2010-2011
2wSmo1cUdq,soja,2008-2009
DiyBp0IjBN,maiz,2009-2010
W1XuSP41Ye,girasol,2007-2008
UabwNQx0ua,soja,2007-2008
q8JoJ9pbs0,soja,2005-2006
yP1XKTwOVV,soja,2011-2012
3y6ewT5tTz,cebada,2005-2006
VK8o9Rxy3q,maiz,2009-2010
y2G0ZbTW0y,soja,2008-2009
23x7huamo4,soja,2010-2011
mKOt9XL7WO,trigo,2011-2012
xVQEVzpyVp,soja,2012-2013
xXsveaqFNg,soja,2010-2011
KA1i4AFPHl,soja,2009-2010
nFHEUmEKlj,soja,2008-2009
AjH3fwdXC1,girasol,2011-2012
DWBEEGOUfe,soja,2006-2007
GTtXhOKui5,trigo,2007-2008
yRxofu5yE6,soja,2012-2013
frowuVsY25,soja,2010-2011
aFblTp1rKg,maiz,2008-2009
XSPMPKrIst,soja,2008-2009
OS9zEcpGUB,soja,2008-2009
w1l7RtyHLl,trigo,2011-2012
nsEDGdX8wQ,soja,2012-2013
2KsBK7nBNI,soja,2012-2013
MKJ7Rk1Q2M,cebada,2009-2010
DpGR4V5bd2,trigo,2010-2011
1eNuph2esP,cebada,2012-2013
wEjGMC2Nc4,soja,2007-2008
jotzGxVMY9,trigo,2006-2007
OankUeSWJL,soja,2010-2011
vGagWwrYJU,trigo,2011-2012
c4KW3aTZw2,girasol,2011-2012
iLcW67BYdT,soja,2007-2008
uajUGGR9ok,soja,2009-2010
dRoxwrYQRV,soja,2009-2010
TAp6gvDqVq,soja,2007-2008
LPR5thLLqA,maiz,2011-2012
6UbuSYm0zE,soja,2008-2009
VTNLY4Hlvm,maiz,2010-2011
dHC5M6mhRd,soja,2012-2013
rX8TSa3Fa2,soja,2009-2010
T6VrS4vjqq,soja,2008-2009
WT8iYUoLCG,soja,2009-2010
c1P8rqCna3,soja,2009-2010
e7Wmp5HfQT,girasol,2011-2012
vPXkW52DfY,soja,2012-2013
WIZuQRlcFN,soja,2007-2008
fuUDhKIyzh,soja,2007-2008
Sv7ygc4hqj,maiz,2010-2011
HM2pISH45W,soja,2011-2012
RlRvx9GG8G,soja,2008-2009
xZC5YrhcaY,soja,2007-2008
MquOgDqyHw,soja,2010-2011
Viiweg5uwD,cebada,2007-2008
AumM0MEiyo,soja,2010-2011
HMfCkMPbLg,maiz,2005-2006
YpPHm4xryu,soja,2007-2008
69qsVqFjZE,soja,2012-2013
XpZD3KZSwu,girasol,2009-2010
9VkYmXclQb,maiz,2007-2008
gVjXOFOdyx,soja,2011-2012
rWnRjqmKIj,soja,2007-2008
ERFz12Xdnx,soja,2007-2008
EUTy2sEQWD,soja,2007-2008
ONjCpU2bnL,soja,2011-2012
L2mZ2ncZRQ,girasol,2008-2009
Xfu1dwtrMQ,soja,2012-2013
5knowcJyF7,soja,2010-2011
KZ98ABvlkM,soja,2012-2013
CI26Kf3EXP,trigo,2011-2012
ecASR75k7K,soja,2011-2012
rRt1Z4CUpx,soja,2006-2007
q2Gs8aZBo7,girasol,2008-2009
aTjluCs0wz,soja,2012-2013
KnREo1I2V8,maiz,2008-2009
yM9FGHpoSe,soja,2011-2012
v48fo3ri4n,trigo,2006-2007
hOc9cRAuTf,soja,2006-2007
3S2ChIUY7w,trigo,2005-2006
PGq2QUTaPv,maiz,2007-2008
FSOIe6a9eh,soja,2012-2013
6rk7DUwb5U,soja,2012-2013
5UlvWBPzlo,soja,2007-2008
NG5ukkerPl,cebada,2012-2013
v1HKJuRs46,colza,2009-2010
aAxLGBpDmu,girasol,2004-2005
hrQTnweDvQ,trigo,2008-2009
2sRJDkEedI,trigo,2008-2009
kESiajtQwg,girasol,2007-2008
LeYl8MhmZd,cebada,2007-2008
DbWeujP9O3,lentejas,2004-2005
S9HurrekHb,trigo,2005-2006
ScG1OOM6Cv,soja,2010-2011
jPYG4T0TcO,soja,2006-2007
W5XnzPfeAw,soja,2008-2009
GcaWcyuz57,girasol,2005-2006
voWU6bw64Z,soja,2012-2013
Uae3OeR4Jb,cebada,2010-2011
2ZEc6qb1qf,soja,2008-2009
8mVfGbGEhL,maiz,2010-2011
nCvSFK7gPQ,girasol,2004-2005
IR0W36Oe7F,maiz,2006-2007
LF1puIRBW8,soja,2011-2012
WKLSmZntGC,soja,2010-2011
LYdL6hRUMX,soja,2011-2012
ignkXi3xtZ,trigo,2006-2007
7QsRsg2gaI,soja,2012-2013
svqWHwEhRa,soja,2006-2007
GAH3uolxmf,soja,2007-2008
Wt6QLy6Nfh,trigo,2007-2008
fYcW5tTJcu,soja,2009-2010
tr5Bv1zgym,soja,2012-2013
MVgSv3R2Q6,girasol,2010-2011
j6eMcjH63s,maiz,2007-2008
1wk79g78N6,soja,2007-2008
ukbbDXeeZ5,maiz,2008-2009
kJAPgmAwsD,soja,2009-2010
qtBb0JI8Sg,soja,2008-2009
DNQoydMdHv,cebada,2011-2012
i3FsSvebsX,soja,2009-2010
pjR0LRJdZl,maiz,2008-2009
Km9kb8Oxlf,trigo,2010-2011
tUiANB62my,girasol,2007-2008
Zci1c4Svi1,girasol,2008-2009
h2nqmPyBOk,soja,2007-2008
rIEaSbkXdY,soja,2012-2013
XDAGEmKgj3,soja,2010-2011
hR5VHrvG4J,maiz,2007-2008
1ubFV4qGbU,soja,2005-2006
lKvqpEjlUm,soja,2007-2008
6UhhkDkbTM,cebada,2012-2013
6HVnGtj3dM,soja,2012-2013
XPgUGXi0JC,soja,2012-2013
mOhV6Riq3C,soja,2006-2007
E9TiwjdhmG,trigo,2006-2007
4KfkowIXwa,trigo,2006-2007
jjzRF5txww,girasol,2011-2012
9A6ct3NWk9,soja,2010-2011
moUTZJPqpM,soja,2008-2009
Ra6R2LWuJT,soja,2010-2011
rSdx6X1T4l,soja,2007-2008
cqa7K9Pj0G,soja,2009-2010
6SpDtrYQmr,soja,2006-2007
tfLXdQ5et9,maiz,2007-2008
QW01dKA34A,maiz,2009-2010
JAc9NW1vwo,soja,2006-2007
nqT8P7ZUlT,soja,2006-2007
dCzdDdxNg2,trigo,2011-2012
YyCB8Zh9Ve,soja,2012-2013
xJVRRuY1PK,maiz,2008-2009
gfmsqvTY5y,maiz,2010-2011
D3IiUjd3k2,soja,2006-2007
f6RTyIOSpU,maiz,2008-2009
R3Xjk2TO5E,cebada,2007-2008
QSUVNEH27g,soja,2007-2008
nmmFGlXeEN,soja,2012-2013
9fQfPBhrZm,soja,2010-2011
71FbWdpmfw,soja,2007-2008
TTjGiy2GdG,trigo,2005-2006
dmu3TKEBCn,colza,2009-2010
xJoDuLqk8V,girasol,2008-2009
hbyQrhQtx4,trigo,2010-2011
9aq5eKPsVb,maiz,2009-2010
gSuVgpqWaz,maiz,2010-2011
2Ib1jTi9Ng,soja,2010-2011
EWH5avPzou,maiz,2006-2007
bWNW24Nsax,soja,2004-2005
scGUezxN9K,maiz,2004-2005
4NqLSRIrR7,soja,2010-2011
m3cAZeDwXn,soja,2006-2007
uQQBu5BsSK,soja,2007-2008
DWh4rAWA2x,soja,2006-2007
Ho1tyaYCX6,trigo,2004-2005
zSXQdSVnLx,soja,2008-2009
8YUpdM19W3,soja,2011-2012
M2isSMLxAg,cebada,2007-2008
vJGQ9snA3K,maiz,2010-2011
DA84Iou25w,trigo,2011-2012
IQy1KSNfQY,soja,2010-2011
MMrcn1VaBY,soja,2008-2009
uOi3S2rN3v,girasol,2011-2012
KLNJNglkMC,trigo,2006-2007
JiZBLMCqwN,soja,2008-2009
Prl9uEAlbE,girasol,2011-2012
ivZ5Fwl2h8,soja,2011-2012
E1qmCC9O37,soja,2008-2009
lTyWbskmfM,maiz,2007-2008
1OIaTXWGZE,maiz,2007-2008
OnFFaRSjpV,trigo,2010-2011
qaxp8aisNO,soja,2008-2009
FNmXxG6UWf,soja,2008-2009
juSyA3QcnG,maiz,2004-2005
8eq6UygDr4,maiz,2011-2012
b8ROfPeltB,trigo,2010-2011
Qc6tbGw2sk,maiz,2004-2005
I0P96t8m70,trigo,2010-2011
qi8H8ngmYa,soja,2005-2006
xzD4spKprC,maiz,2010-2011
aAC0JJtR61,soja,2011-2012
RvkZEsNufv,soja,2008-2009
VdvihoY1fP,maiz,2005-2006
EGZQHrjBJo,soja,2010-2011
CkkwKypgtU,soja,2010-2011
dP8Z8pOfq4,maiz,2009-2010
65KeVbXFmq,soja,2008-2009
4yaowunlch,soja,2012-2013
HF7PoFFDu6,soja,2005-2006
H1BbfgDDvz,soja,2007-2008
3zyeovZchC,soja,2010-2011
LyRSOGhcTc,soja,2008-2009
ijdtLJaYVW,soja,2009-2010
YYWXDLTmxB,maiz,2007-2008
yJ9QlXfTA9,maiz,2012-2013
6stinF2OnX,soja,2006-2007
uM7RtKlM7j,soja,2007-2008
X63gVoECIO,cebada,2008-2009
LNIE75T9TH,girasol,2011-2012
gOdnpX8btF,soja,2010-2011
LRKO8pDM2V,soja,2007-2008
kMs3bz859c,soja,2008-2009
Mp1zdqWkTR,soja,2008-2009
0osKD1AROC,soja,2006-2007
v9ZoCAoKFx,soja,2011-2012
wbnxaQo8CI,soja,2012-2013
ZC7RWKTglr,soja,2012-2013
th1SWDdLYs,maiz,2007-2008
JVT7T5XIDj,soja,2009-2010
aluhER2h9m,trigo,2009-2010
Y2UZV1m9NL,maiz,2011-2012
1gqVmJaKbm,soja,2006-2007
4CZytmQuUZ,trigo,2011-2012
i3bDc7EQGb,cebada,2009-2010
lHIcm5vNPX,trigo,2008-2009
ASkjRdWrZ1,maiz,2007-2008
RH44UgBj7R,trigo,2012-2013
LsicVVhRs7,soja,2012-2013
y3ajm2NJtw,soja,2008-2009
JMEOQj5bSC,soja,2006-2007
3n5lQaH81A,cebada,2010-2011
G0Dpjyr7Im,maiz,2010-2011
4b9IzY25AU,girasol,2009-2010
HDIMyiwGrx,soja,2012-2013
P7ycwibppt,cebada,2011-2012
btWkDWJFaU,soja,2008-2009
jrg2FfkCvb,maiz,2009-2010
ALi9xgraWh,soja,2012-2013
U8b1soWC48,soja,2009-2010
gm0NoF3ZQy,soja,2007-2008
BbKukIbcs7,soja,2007-2008
KNFvN8ktKo,trigo,2005-2006
RBJl644hfw,maiz,2007-2008
o0K4whChcW,maiz,2006-2007
WeX9gwZwPZ,soja,2009-2010
eqlxcr2hZh,lentejas,2004-2005
eNhyRegdMJ,girasol,2007-2008
Aswi2dfba5,soja,2007-2008
BGvwEYoGFN,soja,2009-2010
xtlfsDKZqg,soja,2011-2012
s2ZpkbTQD4,maiz,2007-2008
UOKQKYy9oE,soja,2008-2009
Wm8IS1VmaM,soja,2008-2009
TTO3J9emYr,soja,2010-2011
q4FBUakTiZ,cebada,2010-2011
hFMqXor3bS,cebada,2006-2007
P5vn8Evm1V,soja,2009-2010
erYt43UnWD,soja,2008-2009
NETj51Yw3A,cebada,2006-2007
OSFKGNYCAZ,girasol,2010-2011
hoSGjVJDJp,soja,2008-2009
YnXfMMJsUR,soja,2005-2006
Rh5tR9uz6x,trigo,2010-2011
AVQPpgmOsx,maiz,2006-2007
xZmQpWv9jG,soja,2007-2008
zBw45OEyOK,cebada,2010-2011
wYoNxe3k3v,maiz,2010-2011
dUvaZ0ymyN,soja,2007-2008
7vvwJsbNde,soja,2011-2012
JLfop7AqVf,trigo,2006-2007
b9AXjjXiWX,trigo,2007-2008
6dT1amtBAX,soja,2007-2008
pTsVIjcSa8,soja,2006-2007
8CGJkz3IiZ,cebada,2009-2010
onDJpn6jzG,soja,2012-2013
HpjAL2txVU,soja,2012-2013
6dgMvRMyj5,girasol,2008-2009
YYslrhaxRa,soja,2011-2012
EiQxsk0miV,maiz,2010-2011
Ho9xB5PX48,trigo,2009-2010
bcgUPYCzVe,lentejas,2004-2005
ZjNzhGki3U,maiz,2010-2011
DKJMIURg1V,maiz,2011-2012
pd8W8X5KXa,trigo,2009-2010
y7KM73crkf,maiz,2010-2011
LxzeKH9lyA,soja,2011-2012
IonQLuxPGV,soja,2008-2009
0FcLbjNEb8,maiz,2006-2007
sw7sbRAkD9,soja,2012-2013
uVxhvIdtit,trigo,2006-2007
Pi824jlRxN,soja,2011-2012
3ar1JnKvh2,maiz,2011-2012
p7kyAoiuHf,girasol,2004-2005
IqWcXHXfBE,lentejas,2004-2005
2EosF8gZ4O,girasol,2008-2009
btVNsfCbaS,soja,2011-2012
HsJnVr53XG,soja,2011-2012
HZU7SkE9JJ,soja,2008-2009
XvD3I6iUgK,trigo,2006-2007
xxDHmi9rlf,maiz,2012-2013
83FcAhMOqg,soja,2006-2007
hObuRt1APi,maiz,2008-2009
UMgheTQmKC,soja,2010-2011
TSFi5PPRoG,soja,2009-2010
7WeiR6dSG3,soja,2007-2008
BkPrS4Lsqf,maiz,2011-2012
5J8K2CjRdY,girasol,2011-2012
hk5MUWR7zh,soja,2009-2010
ABSZ2ucNnT,soja,2008-2009
3rnBCpNvH1,soja,2006-2007
UylZKG7mN6,girasol,2005-2006
UXHw7Jrjgf,cebada,2010-2011
EjX1ujqIf7,girasol,2011-2012
JB66kRLrDj,soja,2007-2008
xhHFeOYW8F,maiz,2006-2007
LVLRb6swx6,soja,2008-2009
gvnxBTLjzU,soja,2010-2011
yCpxvDrQR4,maiz,2005-2006
ZmZuEA178x,trigo,2007-2008
Dnt1l4U7nT,soja,2007-2008
bmfRkcfc27,soja,2008-2009
gcsGW7RXEY,soja,2012-2013
VRNPS9UvGI,maiz,2007-2008
Qr56KpiyTk,soja,2008-2009
6ANyQt7rRL,soja,2011-2012
QxmnNFvrBC,trigo a,2004-2005
9b4EhO4QNX,trigo,2007-2008
BThYS8TZzu,maiz,2010-2011
tQsgDGvA76,soja,2006-2007
MHhQVQoZqC,maiz,2008-2009
72eob8w4gw,soja,2010-2011
ybMrIa8DjF,soja,2008-2009
K6W2W2SLbJ,soja,2010-2011
WiLCXwJT11,maiz,2008-2009
Q0bmrtNz78,maiz,2007-2008
FQEkSkmu6O,cebada,2010-2011
Ec7YodV88W,girasol,2011-2012
9YWkLOeiNl,soja,2011-2012
qcC5OfoBau,girasol,2007-2008
OdyuOKJ34h,soja,2012-2013
otK1yhgnsG,soja,2010-2011
iR4G7RcQJ7,soja,2009-2010
rikqdACwDF,cebada,2012-2013
e2Ay39gjwZ,soja,2011-2012
0f14v8VYZp,soja,2009-2010
jnqtlt3Scz,soja,2007-2008
2cf3hcCDBk,maiz,2007-2008
3rCaJUluxu,soja,2007-2008
iiiZcUSfw5,soja,2006-2007
eyiL3QwEd8,maiz,2006-2007
zf0CGJf3De,soja,2008-2009
xwMfVyAyd7,soja,2007-2008
4J7md9CbOp,maiz,2006-2007
jOVjZl3FoH,soja,2011-2012
oUcuyJcsbk,soja,2009-2010
tmDGSjFchs,trigo,2006-2007
klCqYp1lRP,soja,2011-2012
bBm7uMsych,trigo,2007-2008
FVTTlvD1Zu,girasol,2009-2010
tKg5BFuC1M,maiz,2007-2008
bcXOiSkbRM,soja,2012-2013
JgsnAejMfJ,soja,2009-2010
vbrTzavkCN,trigo,2010-2011
7W4zJEe3aK,trigo,2011-2012
MstzqYn58o,cebada,2007-2008
K5QBYQlUAy,soja,2007-2008
rHUvHnAwrl,soja,2008-2009
HEdBDVj1as,soja,2006-2007
ptwG6Vgr0q,maiz,2010-2011
qr9LnQAxN1,trigo,2011-2012
jeFOpSsZTT,soja,2006-2007
RKNPaTuHLu,maiz,2006-2007
8CmGYahiZ4,maiz,2010-2011
jJiygYRa8u,maiz,2010-2011
3ZFQyptt6F,soja,2006-2007
oESbU1CCil,cebada,2007-2008
rcQDGXjJtP,soja,2010-2011
GS5yRlXsMe,soja,2012-2013
nPE3pDrj7y,soja,2007-2008
yuCRWhRitB,soja,2009-2010
TAdY95Kgxf,soja,2006-2007
Ml5aoungeu,trigo,2010-2011
fdpr5MZW5T,trigo,2006-2007
hYdL7mQRTN,soja,2007-2008
8o9DPx7Eel,soja,2010-2011
9KPyDULm1Q,soja,2008-2009
Fizs37fTY9,maiz,2008-2009
qgx1sOy1bd,girasol,2008-2009
mkxBjBf5xg,soja,2008-2009
VDPV6SckvB,soja,2009-2010
tmrrnkGllr,soja,2008-2009
PXbOjLZPQX,soja,2007-2008
6vjVQpx3bs,soja,2010-2011
EVf6NTqdFc,soja,2009-2010
UfB74uSdKr,trigo,2010-2011
AQnuuFksIM,soja,2008-2009
lWqScEvUrB,trigo,2011-2012
7NqIUtDvXW,maiz,2009-2010
ohwccrqNk9,soja,2010-2011
jXfayJpunh,trigo,2005-2006
6u5wCYqPVO,soja,2006-2007
vJ7svjlm7W,trigo,2009-2010
wq4cR3vHxi,soja,2007-2008
y4d41pcrF8,soja,2010-2011
GBRN5N7qBE,maiz,2011-2012
N75RjXUfoT,soja,2012-2013
OnX2rYrUQ7,trigo,2006-2007
cgJ44ORCEb,soja,2012-2013
QcjV4T3Y9r,maiz,2006-2007
2XfZZX8R1Y,girasol,2008-2009
YdFqgJF8VT,soja,2008-2009
jv6TRAwUi5,soja,2009-2010
Mkc2KCYSca,soja,2012-2013
1BEG2uZH35,soja,2007-2008
kn1qHS1Dxj,cebada,2008-2009
VIviXxe7Fh,maiz,2010-2011
C1VDrmgs0d,maiz,2010-2011
cJx7FJvNED,soja,2008-2009
8jV3S327AH,girasol,2010-2011
oMIKaA7G37,soja,2010-2011
ufQrmeCj2Q,soja,2011-2012
wA9SDbUFif,soja,2008-2009
3rq1hVwmUB,maiz,2004-2005
sJfVEeoqXQ,soja,2012-2013
bQ31dKYOdS,soja,2011-2012
mgKdi29end,trigo,2006-2007
pgwVCBA22h,soja,2011-2012
Sd8VelpDAS,maiz,2008-2009
fw9zar2kWp,cebada,2008-2009
OMWLriW1kY,soja,2009-2010
jDBqipdY4n,cebada,2010-2011
1jkBjL3k6Z,soja,2008-2009
we4vb8x5KA,cebada,2011-2012
IAMRcZ47nm,maiz,2007-2008
mKKo8DQ7CK,soja,2012-2013
8H7omnJwfW,girasol,2007-2008
AxgWPI6SPt,soja,2008-2009
FCEZ0NmRTy,soja,2010-2011
kbGsQ3gjzM,soja,2007-2008
GAJvfiFlBe,girasol,2011-2012
fQqt1qHnIk,soja,2012-2013
m3M2vn5cX5,soja,2004-2005
xmFIju1xgC,soja,2009-2010
cMcTGdLXRd,soja,2010-2011
JEgfGcTLF0,soja,2010-2011
QEnfVWaWVH,girasol,2007-2008
thOhNtFxQj,soja,2010-2011
EAsrVUmVRF,soja,2009-2010
w2zcJQZEKq,trigo,2007-2008
OFZmwwgBt7,girasol,2011-2012
v9Hn1mInIj,maiz,2008-2009
2Fm2r6SRKn,cebada,2011-2012
Ii2rVynCAi,maiz,2008-2009
J6qatrNCff,soja,2011-2012
wiuikmoDE9,soja,2012-2013
1Wr3NM2CYC,soja,2008-2009
trIlSCdpOJ,girasol,2008-2009
UL2P4mCs0P,maiz,2007-2008
IPhaBAmnyA,cebada,2008-2009
8TV9sZv5Sv,girasol,2008-2009
UVwQP2kg8F,maiz,2009-2010
WQeD1pNmdM,soja,2012-2013
xlqTuj3roV,maiz,2011-2012
nK1kkQmU7u,soja,2008-2009
kdLPqMFE9t,trigo,2008-2009
a7fRaaBdSz,trigo,2007-2008
9GJA14bnZi,maiz,2007-2008
iKL4jDQyRZ,soja,2010-2011
e3rxDt2ohb,trigo,2011-2012
XQvsUf6teX,soja,2008-2009
TXZ962PGgJ,trigo,2007-2008
sLMkJZeLOM,soja,2012-2013
wvmsoGXtBC,soja,2011-2012
Rej0nq3D7j,soja,2012-2013
Wy5sjOSOjq,maiz,2007-2008
kglWYan7Ux,soja,2007-2008
Jvc4vQtyd1,soja,2012-2013
i91n2kCU9u,soja,2011-2012
Ktb6QAgEHB,soja,2012-2013
Da7pe3FY3s,soja,2012-2013
Zl2aZ4LkYU,soja,2007-2008
gsOHzpSg4j,soja,2012-2013
rGKy6x2LW5,maiz,2007-2008
E7qGhQL3Bt,soja,2010-2011
Xrmw9mlaSp,maiz,2006-2007
KK6eJCcLW9,soja,2007-2008
QkGG2xgM1r,soja,2012-2013
GYj3VrpHTI,soja,2007-2008
7ncDRuO4Gu,soja,2012-2013
EggUwhSd5T,trigo,2006-2007
VL2EOX7Eoa,soja,2009-2010
WuN98p4WtK,lentejas,2004-2005
R818cxq5av,soja,2008-2009
X6HZKf7Rsv,soja,2010-2011
1PrPYzFcW9,soja,2008-2009
wxHx7tuwxV,cebada,2011-2012
sWbA6voDNi,soja,2012-2013
AO81ng13IX,maiz,2007-2008
BFVSDcM8ZK,maiz,2007-2008
dSqFbwCQAZ,trigo,2008-2009
9KxHLlxNnG,trigo,2009-2010
tzVPSi2oqb,maiz,2012-2013
9U4zkfwv67,soja,2012-2013
VFRSWmEUA2,soja,2007-2008
k42HTU0VJq,cebada,2009-2010
7SLBS6pP2w,soja,2012-2013
VXCwzjkEEt,maiz,2010-2011
GyyIGSmGx6,soja,2009-2010
75YSG1Y7Qa,soja,2012-2013
3v8Gs8ydLD,soja,2011-2012
YcCWuSyhiw,soja,2012-2013
nq3MJJNrQn,soja,2008-2009
TTjbiciiG5,soja,2007-2008
vog8LbaKJK,maiz,2006-2007
H7AKTTeqM4,trigo,2005-2006
epXOQH19yH,soja,2007-2008
Eu6u3RWelp,soja,2010-2011
y4w9OPc3Gy,maiz,2007-2008
7uoeIFvJOu,soja,2010-2011
acphYs95Xu,trigo,2011-2012
HWS6BkM75k,soja,2010-2011
1fNqNvkV1I,soja,2010-2011
QvnPnTl5lB,soja,2012-2013
c3h6AtqV0v,girasol,2007-2008
G2besxadTb,trigo,2010-2011
utXiJLC5Qx,soja,2011-2012
FYBGXLRQL8,maiz,2008-2009
JH5Dog0KsQ,soja,2012-2013
JflD1pPh7h,girasol,2004-2005
oMG1coM4Fh,girasol,2010-2011
CXyHknxk8q,soja,2010-2011
uWxrfNHIPX,soja,2009-2010
BRWweXn4Fu,girasol,2005-2006
l4H25tqRx5,trigo,2007-2008
9Ad8ROvPA4,maiz,2012-2013
GLVmIAK6DY,trigo,2007-2008
1ydI1iCr9A,maiz,2010-2011
wIKaQlyMB9,soja,2007-2008
QRUvEm6XtK,soja,2007-2008
7uJjDKSQBb,soja,2010-2011
a8tuiKghfr,soja,2008-2009
q7JL3W8942,maiz,2010-2011
TBwmuA7NaI,trigo,2011-2012
yBRr6ACmrr,maiz,2008-2009
eiyw42UCCY,soja,2010-2011
EfjBSeLY2v,maiz,2007-2008
r07IsDS5zL,trigo,2006-2007
dYoNjH25p4,maiz,2008-2009
1h480wLS2L,maiz,2006-2007
ny0rubzsgK,soja,2011-2012
3Ltrid9ljy,girasol,2008-2009
pkgtsgqF9s,cebada,2008-2009
awqaolCoet,soja,2008-2009
9gF3YxghjQ,soja,2012-2013
gYBNS43JJD,soja,2009-2010
CuA3VyohnT,maiz,2006-2007
bxAq1iohQY,soja,2011-2012
867JTZOWth,maiz,2011-2012
j6ct98swph,soja,2009-2010
QRfaJgI8Oi,soja,2006-2007
fWonqINEpH,girasol,2011-2012
vZMYTVfMSW,soja,2005-2006
4sxjTHQlOo,soja,2010-2011
U5LKrCcFQS,maiz,2011-2012
WN2suVObrq,maiz,2008-2009
7vj6fDM6yk,soja,2005-2006
uTpHniTQxt,soja,2009-2010
sUHuNCPlnH,soja,2010-2011
cuEM1tYN0X,maiz,2008-2009
9v2yCpgfGe,soja,2009-2010
Z99p4W2TIp,soja,2011-2012
ktlyGmsoAt,cebada,2012-2013
MJoOH1EygT,soja,2009-2010
dGcm6gJ89a,cebada,2011-2012
yuVjtkWmag,maiz,2007-2008
gwzVLHXZGD,lentejas,2004-2005
3tTfgZLzhV,soja,2009-2010
agQ6QJqx7R,soja,2010-2011
hTEuQx1Oyo,soja,2009-2010
enOeJjvpIC,maiz,2006-2007
4L6X1m7Nmo,soja,2008-2009
rNVISvbJti,soja,2012-2013
kYV9DorAeB,soja,2009-2010
MiWTGXGNu3,soja,2009-2010
CmPh5sdgCY,trigo,2007-2008
Pw7u6KjxUP,girasol,2009-2010
9q8fJODZl8,soja,2008-2009
cwu2e0uJh7,trigo,2006-2007
BHdJwwhBWS,cebada,2011-2012
J9QEC5F7Ow,maiz,2007-2008
EF3ID6SWra,maiz,2009-2010
J3rvMos4zQ,girasol,2010-2011
WJZwXl2msQ,soja,2010-2011
j7fmPtsrPk,soja,2009-2010
TioLeBAYFA,soja,2012-2013
ymTYj1KlnC,soja,2008-2009
CXJrKjlDbB,soja,2010-2011
y4tmPZxZ7D,soja,2009-2010
j60CejDyV1,girasol,2011-2012
BhYUasEM7p,trigo,2009-2010
X5tRsJ1qs8,maiz,2009-2010
4cE4osn2rK,soja,2007-2008
432cXbVlxc,soja,2010-2011
bVhVwaoxRh,soja,2010-2011
7VKLZAEOC6,soja,2007-2008
hG9jrgMOSK,soja,2011-2012
13piYmJNkk,soja,2011-2012
5rGQDpZREm,cebada,2011-2012
Yw2gguN3Ip,soja,2008-2009
MJsC2RyLoj,soja,2012-2013
6tbMKoCuHR,soja,2010-2011
goNjW4dt7v,soja,2007-2008
jTFceH4dcs,soja,2007-2008
Nimy58nI25,soja,2007-2008
ijt7SQB7KH,trigo,2008-2009
34kIgQZj4D,cebada,2012-2013
cRvQQ1XFJa,maiz,2011-2012
K2KE9mfKsz,maiz,2012-2013
bv3MEjmoTq,soja,2008-2009
17IwWix5xI,maiz,2012-2013
eIKyWTlCne,soja,2008-2009
CPaFlpyYdS,soja,2012-2013
PeZgc6PaBN,soja,2010-2011
spfDoDgZPT,soja,2009-2010
FasppefoDJ,soja,2007-2008
IbxrJaxiB9,soja,2005-2006
64ymHnzwOP,maiz,2012-2013
Rc0KSqy8fC,soja,2008-2009
RxnPo70npB,trigo,2006-2007
wvFviWjiT8,soja,2010-2011
8uk8FDxEKd,soja,2012-2013
PlbEBQKBEA,soja,2005-2006
NB7c7p9qYc,soja,2010-2011
yfXinmvl0H,soja,2007-2008
PQ31dERyQf,soja,2007-2008
9mqGPx5Yod,trigo,2007-2008
BmJiW7USsV,trigo,2011-2012
iIulJZ0lXQ,maiz,2010-2011
RhDIwcF2B4,soja,2012-2013
fMqy5N6aoy,cebada,2005-2006
5YH0KaZKM8,girasol,2005-2006
knox5lbLom,maiz,2006-2007
OUAFTFcZoR,soja,2005-2006
YuzpuKQUem,soja,2008-2009
cPaRNfDy12,soja,2010-2011
lPWve0BHa0,soja,2008-2009
i9uiyp3PKh,soja,2010-2011
Dw7mOUSbTT,soja,2007-2008
dFsABXAMok,soja,2005-2006
MYsHHr6JIQ,trigo,2006-2007
1UN7HlbkM6,girasol,2010-2011
E0L7AWeKsT,soja,2010-2011
5F2yWJqdc8,soja,2012-2013
4dcRkuCNfZ,soja,2011-2012
SsZn0jKe5E,soja,2005-2006
9ATB90Uyd6,soja,2007-2008
8hjk9UfLqL,trigo,2010-2011
uKEU8EEStJ,cebada,2011-2012
g3SAEbBhao,soja,2009-2010
oiWYTf390t,soja,2010-2011
UuEiOLxcoq,soja,2010-2011
vVtOf80qpb,maiz,2011-2012
feKCCnqFxr,girasol,2011-2012
9RmNBBi8nX,soja,2009-2010
zj3t8i18Zq,soja,2007-2008
jFV4RhrIwp,soja,2006-2007
A6HwTS8Cav,girasol,2006-2007
iZflTnUUw4,soja,2009-2010
MgJrkjZc3W,girasol,2008-2009
RCcj96BHIl,soja,2008-2009
D1LsmohHKe,cebada,2011-2012
LgLdX5O8hQ,soja,2009-2010
eAdHsmN44f,trigo,2010-2011
pHgCAT1rkL,cebada,2012-2013
V52qjZv7hd,soja,2012-2013
XMnBdgw1l1,soja,2008-2009
gbINnSpoJa,soja,2008-2009
ApfCfPlcWT,soja,2012-2013
G4p4FTkCUW,soja,2006-2007
DB8VXvxNkH,soja,2009-2010
xu7e7n4sPZ,cebada,2011-2012
MfeCjtfU69,girasol,2011-2012
1JK9pr5nFp,soja,2010-2011
5EkCsrzvkP,girasol,2011-2012
W75AJo4yJ9,soja,2011-2012
8KTSTJKY6Z,soja,2006-2007
NBn8Ng0Ncl,soja,2008-2009
m8srICgMBz,cebada,2006-2007
VJKylnI6MO,soja,2010-2011
gkZUswAsKm,soja,2012-2013
e7uXxEkeav,girasol,2011-2012
e6Fy61mN7A,trigo,2004-2005
lntLImJSgd,maiz,2010-2011
Z15oyBpmZw,girasol,2005-2006
vLkqg3d0VK,girasol,2007-2008
dkfNuY5KCR,trigo,2009-2010
JlSPaRaPE9,soja,2007-2008
NAU81CAeCf,soja,2008-2009
ypQeDLDIfP,girasol,2004-2005
jzBCOleyBs,maiz,2009-2010
8Y3dg4oqi1,maiz,2009-2010
WhpwM3JZLy,soja,2006-2007
z6yBINwvM8,soja,2012-2013
oUgr8NvwEe,maiz,2006-2007
xkMnijr1JD,soja,2009-2010
1JIyUaMRXi,soja,2011-2012
ZMEGEMdAJr,maiz,2011-2012
oHdC5LuwNE,soja,2008-2009
9NXSN23jTZ,trigo,2007-2008
T4vgKA3xKM,soja,2009-2010
p9dTLipGfC,avena,2012-2013
Uoa2Hx5JhY,girasol,2008-2009
tAcprwzuuK,soja,2009-2010
HkTtEnc44I,maiz,2010-2011
HY7raOofhW,soja,2009-2010
EbgqRYmRTh,soja,2008-2009
kkSEeh2Hl6,trigo,2010-2011
Z3egtF5ium,soja,2007-2008
F9Ow0oVmGy,soja,2009-2010
V1jxFOfHfR,soja,2010-2011
NGU2wOI17D,soja,2010-2011
nNMCKN1pAH,cebada,2008-2009
ofIYdXwJnc,trigo,2004-2005
kCsEEocVqj,soja,2009-2010
ie76pQSqGc,soja,2007-2008
85IPcuwZEk,trigo,2007-2008
Cyw5DBtpgk,cebada,2009-2010
ZPOgVE7y5N,girasol,2004-2005
bDRtc5oZe3,maiz,2007-2008
Kq2HvFSp49,maiz,2012-2013
ZdYxK4CR3I,lentejas,2004-2005
oeUGX8LMhz,soja,2006-2007
P2qRJlglbk,cebada,2008-2009
uBOT9iXMAa,girasol,2011-2012
dyE9FmGa9x,soja,2007-2008
aYzR0JDg5o,maiz,2007-2008
Rz0pS9Y0Vj,soja,2008-2009
a9ipIxbYZk,trigo,2005-2006
WAJWbKop0t,soja,2010-2011
eRteHMoqNK,cebada,2010-2011
ZxTInlHPKp,trigo,2010-2011
Aq0TMcnCRn,maiz,2009-2010
66GzlXMZNi,maiz,2010-2011
txgNGU9XtT,trigo,2007-2008
N4KNXgzLrR,cebada,2004-2005
AxXPxJwJsK,soja,2011-2012
3nIjBYEK68,soja,2007-2008
nTB8qjnq5f,maiz,2007-2008
IFdpeb9bu2,cebada,2007-2008
wxpFh1nvLt,soja,2009-2010
4ANFHEy654,soja,2011-2012
lNJPDx1MZw,maÃ­z,2012-2013
OVuEkcFYZb,soja,2007-2008
Sdkps33r88,maiz,2011-2012
vtVFJiDL4l,soja,2008-2009
HTICh3pwbO,cebada,2011-2012
Y42JtuMwmU,soja,2008-2009
5iOaxhJB3N,trigo,2004-2005
wKqFXYIMVt,cebada,2011-2012
k4xmOrhkoU,soja,2008-2009
FuDdVBLnMO,soja,2008-2009
BJi2YGarc6,maiz,2011-2012
lOAjAYcrIR,soja,2007-2008
MXMZAqkVe6,soja,2009-2010
tqQdsytSqW,maiz,2011-2012
YcuiM5HywZ,trigo,2007-2008
QJ7lsHdcnI,soja,2008-2009
ih99L28FUy,soja,2012-2013
l3bglxl3vi,trigo,2007-2008
cM2i8u1lXn,soja,2012-2013
4GVDQqEY6i,soja,2008-2009
Xrl8YY6Ka2,soja,2010-2011
4DO6vW1wIY,maiz,2010-2011
kMoHZF8nnE,trigo,2007-2008
WK7JTfqY0S,soja,2010-2011
b4fzAbWBZo,soja,2010-2011
jKBYakniYa,maiz,2012-2013
w5v4OOjGxj,maiz,2011-2012
iYnOYx058Z,girasol,2007-2008
trs5QUpDDO,trigo,2008-2009
oAUjEs9x96,soja,2012-2013
iqfWFETFJc,maiz,2009-2010
nDUhIuB98O,soja,2006-2007
XwZ2gnupl4,trigo,2007-2008
vUub1ApUP9,soja,2008-2009
7DMbueV6md,soja,2006-2007
VLa4MHrH7e,soja,2008-2009
L49Gf9QVdp,girasol,2012-2013
dk3zMxer5R,soja,2009-2010
VZm6d9OWRV,soja,2007-2008
AmZJ3FSTk7,soja,2005-2006
JOrMODL35P,cebada,2006-2007
UazHgdQ5Ar,cebada,2008-2009
aKdAdgO7A9,soja,2007-2008
ETX5qvJByO,soja,2011-2012
bTybkfFBkP,maiz,2011-2012
3LjgUOOtVY,girasol,2010-2011
3i2aosW75V,soja,2007-2008
VgyTHj9Xut,soja,2008-2009
wxFgej53cZ,soja,2012-2013
bfJeF7XlEc,girasol,2008-2009
HjIGEayN7t,soja,2005-2006
H4rWkXFoas,maiz,2011-2012
1qnJ62t6P1,soja,2012-2013
0g5sDpQTe1,trigo,2012-2013
L4Dtl5hbTH,soja,2007-2008
fT7UmEWgJv,cebada,2012-2013
hKcmCpbcJG,soja,2009-2010
ceKqY7uGiO,trigo,2009-2010
WOresfsOMC,soja,2012-2013
K4WxqinSK7,girasol,2008-2009
ixl4oKAjas,soja,2005-2006
87H0l9feY2,soja,2010-2011
qs5Mpv5dOP,maiz,2009-2010
k7NXBCrLuS,soja,2009-2010
E3ZV3LeiyD,soja,2007-2008
kp6pCvlHaA,maiz,2010-2011
gLH4sSGjnB,trigo,2006-2007
C2FlXI6C16,maiz,2010-2011
PlvVb8RNP2,maiz,2012-2013
X6NoAGHQz6,maiz,2009-2010
bC8qwf94sA,trigo,2009-2010
AIu6nWDGtc,soja,2006-2007
IRifGsvXJv,soja,2010-2011
du8ll5St9L,maiz,2011-2012
4JdyOSVciP,soja,2010-2011
YJ6g5rlXlu,maiz,2011-2012
spDWocyLEh,soja,2008-2009
kThcSOjJ1O,soja,2007-2008
UZhZGmR2KD,soja,2011-2012
vD3AjrliD0,lentejas,2004-2005
PyU8avWKFX,soja,2008-2009
ij8QJNCkPW,lentejas,2004-2005
xLj1VTtHC7,maiz,2006-2007
Hc6ljghG0x,soja,2005-2006
oigv91KLlj,soja,2008-2009
sj5cla7eqJ,soja,2012-2013
l9vrufYcvY,maiz,2007-2008
ZkIHhQI1m4,soja,2006-2007
kfnpIZQOEH,soja,2007-2008
h0QdsLJQxG,girasol,2008-2009
zX1Hohh6jU,soja,2011-2012
AUAxKSXkql,soja,2008-2009
3ZlTDenW5l,soja,2011-2012
l4JmL8V4EF,soja,2009-2010
YOjiM4Bso2,soja,2008-2009
erbQLn59KA,trigo,2009-2010
u7EEtZMPdZ,soja,2006-2007
dCxNuKR6DG,soja,2012-2013
8r8jITXNcr,trigo,2007-2008
WXyklsL8Iy,soja,2008-2009
hvCfJ70kDE,girasol,2011-2012
2L6A4OdblG,maiz,2007-2008
TInS4aLPhd,maiz,2011-2012
OPZa5sh6du,soja,2012-2013
JfGPpKnTvZ,soja,2011-2012
jQsYsw8EMp,soja,2008-2009
rkFRKLK2Qx,maiz,2007-2008
wkdCASWxvT,soja,2010-2011
XfsQElNM1j,soja,2010-2011
CsTRKomdqD,maiz,2009-2010
bmxFz8hW6d,soja,2010-2011
ydJs5XeStf,girasol,2010-2011
B6YeXsTLWK,soja,2009-2010
Y87WN7e5dk,trigo,2011-2012
icO2VTZAuT,soja,2006-2007
p6aOl8HFTn,lentejas,2004-2005
Y2vgXJmCOQ,soja,2008-2009
DZpnxavFpO,soja,2007-2008
3OQx5xHrAf,soja,2011-2012
I7mLRvtFfd,cebada,2010-2011
ysDnfBPbPF,maiz,2010-2011
1SdRQiPiaZ,soja,2009-2010
OtgBF879Ol,maÃ­z,2012-2013
mNezBKAawa,soja,2011-2012
ow3SOTBnCl,cebada,2007-2008
NZf4kuCr4a,soja,2008-2009
drxIq9c2iZ,maiz,2007-2008
cXWe1u8CiK,trigo,2010-2011
x6tdAeYMWc,trigo,2011-2012
wAUuSL36Nl,maiz,2011-2012
fzKCeK7nWp,soja,2006-2007
8Uv296hhSE,soja,2009-2010
KPOoJqANwY,soja,2008-2009
9cYToDnw1K,maiz,2010-2011
m9oiBxosfH,cebada,2009-2010
Fga2yN1F9i,soja,2008-2009
60gUo1MyNJ,soja,2008-2009
XWv6zkJngJ,soja,2006-2007
8TSwDdu2Va,soja,2010-2011
Jca17P1TPP,soja,2011-2012
mwvh3uSLi9,soja,2012-2013
fqc7npkjrG,soja,2007-2008
KBsuC0KDTj,cebada,2011-2012
cGgXxjTQ5C,trigo,2010-2011
Yk2Brq1cZs,trigo,2010-2011
st4loGm9TG,cebada,2007-2008
t5VadTK6tP,maiz,2007-2008
IS9Kd1Bfdk,soja,2010-2011
XWebJTr5cL,cebada,2007-2008
LWQq64KQAE,soja,2012-2013
oSgxmKyxyc,soja,2011-2012
iXAM9Tp1YS,soja,2007-2008
Mtynk5r5V2,cebada,2008-2009
JKTyJGJIEJ,maiz,2007-2008
vvq6JzY917,soja,2012-2013
bO1aBlf3qB,soja,2005-2006
59VY9ooS73,girasol,2011-2012
k3yb9IbhRc,maiz,2009-2010
o31pdCbJFR,soja,2008-2009
UKbzsjohCv,soja,2008-2009
kwyjY82ApT,trigo,2007-2008
ldWmTAy5SE,soja,2009-2010
WwY8wRrl84,girasol,2006-2007
hs1gcZoeie,maiz,2010-2011
8VIeIlnHqH,soja,2008-2009
VND4VAVNvd,soja,2010-2011
QdWRL91Ank,soja,2012-2013
ovF7aXsOok,maiz,2004-2005
fL8sPd4u0z,girasol,2011-2012
YRd5syEt92,soja,2010-2011
exxt4YSxwH,soja,2008-2009
hccpW2TavT,maiz,2009-2010
aUuEZnDmiM,soja,2009-2010
oMJmHOLjLI,soja,2009-2010
14udtRfN2b,soja,2006-2007
qb6lpfa3SI,soja,2007-2008
OHfh3w6OfS,soja,2008-2009
ggVbKQ3zn5,soja,2004-2005
beghQWN1Yp,cebada,2008-2009
Jx6yfAulYa,maiz,2011-2012
EFHjqbAtbw,soja,2007-2008
xDbeu2AI3j,soja,2007-2008
8MgELNOG9w,soja,2011-2012
qNB872kGvL,girasol,2009-2010
EtYpYTrilu,maiz,2011-2012
StH98cWWsf,soja,2007-2008
Sj2dr9fcPb,maiz,2010-2011
xdVXT31Llm,cebada,2007-2008
HEgYOoBtL4,cebada,2007-2008
ZnnbRfk7IB,maiz,2009-2010
iGoEnIHod3,soja,2010-2011
cuHJTf8eZS,soja,2006-2007
i9GWlhCWpV,maiz,2009-2010
hYlWlZo3OS,soja,2010-2011
61NNKq3RVd,maiz,2012-2013
uEmBkYsw5i,soja,2008-2009
SnHEK3n96D,girasol,2008-2009
fHaCukrMZy,maiz,2008-2009
cCEzaXqdyL,soja,2008-2009
GtZ45KcxIh,girasol,2004-2005
gkVxyp1my7,soja,2009-2010
mneNqjhThz,trigo,2007-2008
BOjgMiVNVV,trigo,2012-2013
FvztJqd1KL,soja,2012-2013
1UkkB7TgTz,maiz,2007-2008
CwVIjF0Pj9,soja,2012-2013
cy5csOTXPm,soja,2007-2008
sQIdBTjfAE,soja,2012-2013
eMBAeuPeL9,cebada,2008-2009
nw8sZ1I3Yh,soja,2009-2010
pR885Kboyl,soja,2011-2012
3d8Eom9ESU,maiz,2009-2010
NGRV92WR55,soja,2009-2010
9uWI3cceRb,soja,2012-2013
Me5nAEpgft,soja,2010-2011
looI7sujXM,soja,2010-2011
LxqaXZetRw,soja,2011-2012
MEVCWd4RMb,lentejas,2004-2005
nhZeI7Ew1g,girasol,2005-2006
tiUVV7HWZi,soja,2007-2008
Dvwi8TMCui,soja,2007-2008
niRNNjUbgV,soja,2007-2008
IaEm6jtNGT,soja,2011-2012
IXAivXSQA9,trigo,2010-2011
vRjAEqt8EB,maiz,2008-2009
bLe1OqXvQH,maiz,2008-2009
NhoXQk5sBF,soja,2010-2011
27glHvcB4q,soja,2011-2012
LfC0garEVH,maiz,2006-2007
VszLQQ6WJH,soja,2012-2013
kLNR8eNkpR,soja,2007-2008
bB7nBmO31t,trigo,2008-2009
KXmJsEjxj3,maiz,2011-2012
FUPdwWHKH7,maiz,2010-2011
lsIrgTe5Vg,girasol,2007-2008
ypDl96zt4j,maiz,2009-2010
wKEMwBsEVA,soja,2012-2013
LG4d9k7noc,soja,2010-2011
TnShZbnZVr,cebada,2006-2007
JSCXn9igNE,trigo,2004-2005
qiVuMdfTRU,soja,2009-2010
5vIXcr9QRd,soja,2010-2011
rdmoiiuTxw,maiz,2008-2009
Ik6UJtc2a0,maiz,2006-2007
GSilN5P2Yq,soja,2007-2008
WdmpBPhKp9,maiz,2006-2007
x8u4cDxFFZ,soja,2007-2008
FW1xIO3hQb,soja,2011-2012
YxGLnRkVla,soja,2008-2009
ejiYnLmma2,girasol,2007-2008
MoYNmplqXC,soja,2011-2012
S6AhRx9DSu,trigo,2010-2011
n7eWfSrSFS,soja,2006-2007
UbH3y4sjuQ,trigo,2005-2006
wMW75y4EBW,lentejas,2004-2005
9ydmWKGOmV,soja,2008-2009
pH77J5BCp6,soja,2012-2013
clS9sX8wlJ,soja,2009-2010
TuJ7hoRxDE,avena,2012-2013
T3VaAofL1V,trigo,2004-2005
RdIumBSu8E,maiz,2011-2012
Fb9XjqMBoZ,soja,2011-2012
OIctsmiZ9j,soja,2012-2013
5aNMVAXx6f,soja,2009-2010
CKHLs1CFB1,soja,2009-2010
oaKRTDEClN,cebada,2007-2008
vqxJETUlRZ,soja,2010-2011
QcuhxmiA2t,soja,2007-2008
BqUVIxiWAU,soja,2011-2012
t6LrPZLtKm,soja,2005-2006
TlPOTNCCYE,trigo,2010-2011
6j5aFNYxui,trigo,2010-2011
SooogFN29i,girasol,2008-2009
ocUE1xcDAA,soja,2008-2009
RGtWqAuP8o,soja,2012-2013
8adxOKCmNL,girasol,2008-2009
UCxyQyw2C7,soja,2006-2007
DdN7AEH5dO,soja,2009-2010
tmyYjOswAF,soja,2007-2008
IfRGerFbtR,trigo,2007-2008
h755EGJVLx,soja,2010-2011
tFjsnTHgQR,soja,2011-2012
vi7NxlFDM9,trigo,2005-2006
f4FkAT1TyM,soja,2009-2010
RrbBkPe265,cebada,2011-2012
T2naPlLdzi,soja,2009-2010
mem2QwVRQU,maiz,2006-2007
nqMP28pgAu,soja,2007-2008
ldwZEMLZ0L,soja,2010-2011
Im04oQ1KrR,soja,2012-2013
ofIB5KJu1T,trigo,2007-2008
pn6mNKAitA,cebada,2010-2011
4Cw5GlVH7N,maiz,2010-2011
iv3178LQ2M,soja,2012-2013
srAzfXKoGE,maiz,2007-2008
yKPwPfiuxp,soja,2011-2012
IflKgsS2JU,soja,2012-2013
OCNYC26VrM,maiz,2009-2010
jqg9n6pW1m,cebada,2008-2009
MJT8dA06CJ,soja,2007-2008
aaVx9g0FDr,soja,2011-2012
awjH6XNv4O,maiz,2012-2013
iQhCXLMYSY,maiz,2007-2008
r39M1I41XG,colza,2009-2010
t8DcPJAnFD,lentejas,2004-2005
Cxdt9BFVjh,trigo,2005-2006
4akExlW1m4,soja,2011-2012
IgDUJcnTQ3,soja,2010-2011
gc0KWAVlfF,trigo,2007-2008
TkqExnzUpm,maiz,2007-2008
Z7TlcmOQGo,soja,2008-2009
TwRTHwdmiJ,girasol,2005-2006
3C4sQ2hQXX,maiz,2006-2007
D6egsHTHhj,cebada,2009-2010
6BfWewTIjD,soja,2010-2011
bmPffpiNGF,soja,2006-2007
tTMZAEqdVY,soja,2008-2009
Nbj38O0cgj,soja,2011-2012
oIWEyC4gZK,soja,2012-2013
wTnJ3xXsb3,soja,2006-2007
RyfB2nZ2QG,girasol,2008-2009
lFYITXVXE5,soja,2009-2010
rBYeUbc2VE,soja,2011-2012
5wDk7EYgGy,soja,2012-2013
w3EVLi3qGH,soja,2006-2007
c4Xpoe4NLL,soja,2005-2006
LINamiIpZY,soja,2009-2010
7UfZySW4qU,soja,2008-2009
eTYCJNqOjC,cebada,2011-2012
i6U6fHpx7P,soja,2011-2012
WEtCnseKwV,trigo,2008-2009
obzNnJkehU,soja,2010-2011
qQaLWGdMFk,soja,2012-2013
llyfymYd7V,soja,2006-2007
9v79JuS4aA,maiz,2011-2012
YRa9m7QQTf,soja,2006-2007
BFRAtPwS34,soja,2008-2009
xCz5LJ0nMa,soja,2009-2010
xu2Y4peUG8,girasol,2009-2010
9RNabH1Yj4,soja,2007-2008
chGcmcvmQI,soja,2007-2008
NODPwHFblU,soja,2006-2007
jvv7WXOX68,trigo,2008-2009
YmJmCF4Rqp,maiz,2007-2008
wblsiIP8oV,soja,2012-2013
GQE6IZilp7,cebada,2007-2008
fPtyB6EFY6,soja,2007-2008
InPVtg5cSu,maiz,2006-2007
k9Ke8VkMkJ,maiz,2008-2009
qFvGlqwqTP,cebada,2008-2009
lDY6rgbc3M,soja,2008-2009
vVDjfuuGmr,cebada,2012-2013
Od7KsrApid,soja,2007-2008
GUqoaiVCLY,trigo,2009-2010
YI5l2kgv0U,trigo,2007-2008
nO7ui1msqV,soja,2007-2008
W60Nua6QmS,soja,2008-2009
yLk47lonio,trigo,2010-2011
IWDPQuQEnH,soja,2007-2008
jKNjiIKoi6,soja,2007-2008
HiR1mXnbLV,cebada,2007-2008
Qd2c3SYTgM,soja,2009-2010
kQg89PQTE9,soja,2009-2010
ZVr1WeYKGt,soja,2006-2007
pfYrIbKq51,trigo,2006-2007
DoRtwaJN4X,trigo,2009-2010
Wd2OdY3CsI,trigo,2010-2011
6ixeaHGu8K,maiz,2010-2011
vKANE7xXT2,soja,2008-2009
5ze7OJfQVY,soja,2008-2009
ibIhGsxVn6,soja,2009-2010
qjQ17e75Da,maiz,2008-2009
7HamOy54Pa,soja,2007-2008
d8CupRnnxb,soja,2008-2009
XgT8Sr7XwW,maiz,2006-2007
8aeJVUlJIj,soja,2008-2009
vBXHWMkVJK,soja,2010-2011
hq0CyS4511,soja,2006-2007
E8Qxqe3LX8,soja,2006-2007
b8aGS6jEP2,girasol,2007-2008
wLDVcjrOFB,maiz,2007-2008
hw1i9zBD5C,soja,2007-2008
DgKowmug0K,soja,2012-2013
ixfvSJfKgt,cebada,2008-2009
URJoFFaAva,soja,2006-2007
VeYBa1UFLB,girasol,2008-2009
AqZ1Nh2uzF,soja,2006-2007
WTfpIu5s61,trigo,2006-2007
Taf2lF3GUO,soja,2005-2006
ReF1fcihXh,soja,2007-2008
v4CctUXxNd,trigo,2007-2008
yqEes0twGP,trigo,2005-2006
Lh3aiiDRQk,cebada,2006-2007
ANoMyipWhD,trigo,2007-2008
Ag4NLwOFse,girasol,2010-2011
eEMho5R3Xr,soja,2012-2013
ngEd3EMsk3,soja,2007-2008
6tj9I56fLz,soja,2008-2009
KzEgh3m96J,soja,2012-2013
0t1FX4StwD,maÃ­z,2012-2013
w37gCPmI67,soja,2009-2010
IQ7W7oatwg,trigo,2011-2012
VOrW70WIDc,maiz,2009-2010
DxaEC8If1F,soja,2011-2012
sxH0eTPRmV,soja,2010-2011
Y5vfb3UCwR,soja,2007-2008
rAPSObafHb,girasol,2010-2011
uAZCAEfZfS,soja,2006-2007
5EX0t93OLz,soja,2009-2010
pD9FfXqGD8,maiz,2005-2006
r8HRJRfz1L,soja,2007-2008
R5ay6U89sT,soja,2006-2007
8igIxMooc2,maiz,2011-2012
vUAEvTebTf,cebada,2007-2008
wukXtq13zt,soja,2007-2008
W8dDQbZFQC,girasol,2005-2006
IMgRacvFDP,maiz,2006-2007
uAKghEXiHX,cebada,2012-2013
dnfH05rZLI,girasol,2008-2009
lceS5F40UI,soja,2012-2013
PQSj6AydtG,soja,2010-2011
BW3pn4vfdG,maiz,2009-2010
yPsdrxsvxN,maiz,2010-2011
ENnh8tr6Yk,girasol,2004-2005
MiIPZ6TVl7,soja,2007-2008
lkWeOOcGLb,cebada,2009-2010
dZyRH7L9Dt,girasol,2011-2012
tZcCyCISh4,girasol,2005-2006
ZTo68DVlTp,soja,2008-2009
N8PMZgSuof,soja,2009-2010
oiFSuEeDgM,cebada,2008-2009
HGp7MxKrjn,trigo,2004-2005
h6v7SVnuQc,soja,2006-2007
bFMphH4MUk,cebada,2010-2011
il0XsNVDEF,soja,2007-2008
1vMv3oRqjr,soja,2006-2007
ztNzSGNxTb,soja,2012-2013
DUXZQbOrS8,maiz,2007-2008
kwTrmehstt,cebada,2007-2008
UsnrsG8GEb,soja,2008-2009
rR6P1W1PPT,soja,2009-2010
X9P12Cfj6Z,soja,2009-2010
DSNJrPpsoF,girasol,2004-2005
MMOlNQy3A4,soja,2009-2010
cne4F6Pxh1,maiz,2012-2013
ttTHDLg3FV,cebada,2009-2010
IbrgNF7MIH,girasol,2005-2006
Qu54yLBOIr,lentejas,2004-2005
PClsTyEA2T,trigo,2005-2006
fK5X0Sm7n5,soja,2012-2013
OEzUIyoTN8,trigo,2009-2010
LmK8en7tx9,soja,2010-2011
NcSSATtwai,maiz,2012-2013
2zw1TFzJiN,soja,2010-2011
Q49kBoYIiV,soja,2006-2007
R59tXINRFx,maiz,2007-2008
AHx7IRLIk4,maiz,2011-2012
fB8ovJdUbL,soja,2007-2008
JaxHgGi2YT,soja,2010-2011
6DeE2bXf6A,soja,2008-2009
16DRFAQgVp,trigo,2006-2007
OnQL57bn9A,soja,2009-2010
HFNvUPW24c,soja,2008-2009
B5iOWxYwf4,soja,2012-2013
m3sDPxJ1lS,cebada,2011-2012
8P7qodoNaU,soja,2009-2010
RNXKZwIsx3,soja,2008-2009
L864g4GdZU,girasol,2011-2012
fhtmYiQO61,maiz,2005-2006
sYNQswNAqL,soja,2008-2009
ECTKGAOWnx,trigo,2007-2008
1TfvGEegck,maiz,2004-2005
eZ58tLIIr6,cebada,2011-2012
GsZvopATWn,soja,2006-2007
DDJWIFhKY3,soja,2010-2011
DDcILWddnW,trigo,2011-2012
j4PJ0E9Bhf,girasol,2011-2012
xutHRCW8W5,soja,2008-2009
BkIn3dKhH8,soja,2009-2010
D1CdKDrTNZ,soja,2007-2008
9MU3dvFA4l,soja,2008-2009
EFWW3ZANGQ,soja,2009-2010
VURh7ltyFI,maiz,2010-2011
YOd3RHxfR2,soja,2012-2013
RfHxCKXMhn,soja,2007-2008
mCIEtP0nOF,soja,2011-2012
6wdjz51xkS,maiz,2009-2010
zC7HBJbifJ,soja,2011-2012
WTVohPEhEc,cebada,2008-2009
xJZb3Zf4XQ,soja,2008-2009
WXddooxQWd,maiz,2011-2012
j37Frof5Xs,soja,2010-2011
hUCI6GqlKO,maÃ­z,2012-2013
CqupUjeSAB,cebada,2012-2013
6tED962oBZ,maiz,2005-2006
hs4uB9A2uV,maiz,2006-2007
Q8MLxq5cJF,soja,2009-2010
nPA2dJ7f8I,soja,2005-2006
FpCIkMSuPN,trigo,2010-2011
QpVlBTdG6w,cebada,2010-2011
WtMfvzy3f7,soja,2012-2013
LtwXChtecJ,maiz,2005-2006
238YoJ2Sa8,soja,2008-2009
O72lmxlm1Q,soja,2008-2009
tMKqtXYnCB,soja,2007-2008
7EEGm4ZoVA,cebada,2012-2013
wuHyf4wRqx,soja,2009-2010
rkKDbEjA2v,trigo,2011-2012
M9BaPxeymA,maiz,2007-2008
8j5PikTfCK,soja,2009-2010
d44wHfB1pD,girasol,2009-2010
xCM9ml6Rjs,soja,2007-2008
bscfILRl1d,soja,2011-2012
5dh9byom1f,cebada,2009-2010
0xrM7e8D6r,soja,2008-2009
7hkjN35on5,soja,2010-2011
StiA3KAr7A,soja,2012-2013
X79PTG4bTA,cebada,2008-2009
UaqFKEHO36,soja,2007-2008
UVzDf3Xpue,soja,2010-2011
zSl8rFOvqr,soja,2010-2011
6LSwZmBrBF,trigo,2008-2009
6FNrNF7lBx,girasol,2011-2012
eHJ7DstPk5,cebada,2009-2010
dikOgdng43,soja,2005-2006
bAIy2fE8SP,soja,2009-2010
67gPEtI7J4,soja,2006-2007
CwmwLSaA9f,soja,2009-2010
DkpVjqCxyd,trigo,2011-2012
O5k4Uyyn6I,cebada,2008-2009
qIFdFa6pkF,soja,2009-2010
VxzKTjBfhB,maiz,2008-2009
J6G4Ak29Y8,girasol,2010-2011
RPQg3fH9W2,soja,2012-2013
O2yOMS8X8p,soja,2010-2011
iRvyV7jXFI,soja,2012-2013
fgh6NkmdtI,maiz,2009-2010
fHKefg8nEG,soja,2012-2013
dwhZvCgfjv,soja,2010-2011
yPcgWzRIdK,maiz,2005-2006
bJcvxIc66q,soja,2009-2010
Mjn3JjGzQz,cebada,2008-2009
vOPY5vYWEC,soja,2010-2011
qpVTlTkOZq,maiz,2011-2012
Fva3ytmFsD,soja,2011-2012
EoceNhavDo,soja,2008-2009
84ecWR6Iof,soja,2007-2008
94bj7aduoW,soja,2008-2009
84LkhiRIee,trigo,2006-2007
7lilPGDVX2,girasol,2011-2012
Bh6mQEM49C,maiz,2010-2011
aHGv1xeSGI,maiz,2010-2011
7N5p9U6Myd,girasol,2008-2009
OALUwliKpr,soja,2012-2013
VQ8lL9j0bz,soja,2008-2009
JG2ekyQTJG,maiz,2010-2011
LofTa2cK2E,soja,2011-2012
KLxgiXCaC5,maiz,2012-2013
RVKT96SZZl,soja,2007-2008
puaVOBX1WZ,girasol,2008-2009
FpuDXdkjEw,soja,2010-2011
ofS99bFcBn,soja,2012-2013
O0iyW6B47g,soja,2008-2009
dMXXZ4BKnP,trigo,2008-2009
Gc5ilEK0qV,soja,2007-2008
oFVXF2dP5k,girasol,2011-2012
7i7eGgiR1W,soja,2011-2012
qH9v0uAKu1,cebada,2010-2011
pjGLGVNtuS,cebada,2006-2007
e2BmfRTOtU,cebada,2008-2009
ukm4fmyp7t,cebada,2011-2012
7TZIGGjjed,maiz,2007-2008
EZO1e4ndtu,soja,2007-2008
XlrCs96Vnu,soja,2007-2008
3uOcDesxOX,maiz,2007-2008
bc7yck4QOx,cebada,2009-2010
LwjC8cLE89,lentejas,2004-2005
9B5XoIChGZ,soja,2005-2006
EqCLqo7tFV,maiz,2005-2006
rZRblZE8oM,girasol,2011-2012
HxXMUMeg3t,girasol,2008-2009
GIkSdbHkVW,maiz,2012-2013
GO6h0sIE06,trigo,2012-2013
aH48dYUHFX,maiz,2010-2011
CWpwyTYGE4,maiz,2007-2008
mTSsBSlTgl,soja,2009-2010
ZH4dPgCtyR,soja,2010-2011
SBwI7vlfCy,soja,2012-2013
kySDsefe7M,girasol,2005-2006
QgeUK4BWxA,soja,2012-2013
wQLuhSqT93,soja,2007-2008
Ss3u6uZlZh,girasol,2011-2012
81OmViqgEo,cebada,2010-2011
qCFC7xfxQn,lentejas,2004-2005
1sh3onyOZY,soja,2007-2008
5hZTU4CLlR,soja,2008-2009
AcdQojNUho,girasol,2005-2006
IhhzlWnjuM,cebada,2007-2008
I04rUYwguh,soja,2007-2008
85KkUAUreC,girasol,2004-2005
gwtOwfujQp,soja,2012-2013
7ipBaKkX1e,soja,2006-2007
F8jasEjO7O,soja,2010-2011
anLUCHB72a,maiz,2004-2005
w8JmJu64S7,trigo,2007-2008
ihFSI9g2Wn,maiz,2007-2008
Q7bkcn2mu4,soja,2010-2011
OrChdWckZ4,maiz,2011-2012
rIm7k4GS6m,soja,2008-2009
GWurHWfJKa,soja,2009-2010
NhSZP762qf,soja,2012-2013
7iyspjw6C3,girasol,2009-2010
sSZnKqK0Ae,soja,2007-2008
bXM48mAEo2,soja,2011-2012
tuksoaclgo,soja,2011-2012
pZHPNbFhbQ,trigo,2006-2007
MDxiH5VRJK,cebada,2009-2010
SDFD74njpU,soja,2008-2009
Yf5q4SSKA4,soja,2012-2013
jWHhFYnkz7,soja,2012-2013
5SKKfROTBF,soja,2010-2011
xjt3ayU2Je,lentejas,2004-2005
73BOkQwYCw,soja,2006-2007
eHOzb5R1Yb,soja,2012-2013
FWLAZv84xR,soja,2007-2008
i5UuTFLPmX,maiz,2007-2008
MSnkRQpsQO,trigo,2011-2012
UfuqpTmxXk,maiz,2006-2007
PHpsCI8Xiu,maiz,2011-2012
3DPx3FRpDz,lentejas,2004-2005
acHPVShezQ,girasol,2011-2012
Z4UwvKmFzU,maiz,2007-2008
x3hN1kcSap,girasol,2009-2010
SBSiaxCJcB,soja,2012-2013
jCFE9BYuQY,soja,2007-2008
POb7ldrO6S,soja,2011-2012
DYdfHEdTXG,trigo,2005-2006
eHStUb54WV,trigo,2007-2008
cwsE4erv3x,soja,2012-2013
PGV3vnIaGp,soja,2010-2011
qu6JobuteR,soja,2008-2009
OHOIVSwNOy,soja,2012-2013
LnGqqCe9lu,maiz,2010-2011
xcp5vefqXL,pizingallo,2009-2010
IvcgE89BVX,maiz,2010-2011
AqLQiCcNLO,soja,2008-2009
IK28Oxm4oK,maÃ­z,2012-2013
P7G2oUAxff,trigo,2005-2006
VqXqHG3scP,cebada,2009-2010
HuiJ38HoC6,girasol,2011-2012
9bDPd2unza,soja,2007-2008
TUR1LhHPbt,soja,2009-2010
nsoWCreTgq,soja,2012-2013
ZpSnG6pAto,soja,2012-2013
kNKCOfue4V,soja,2005-2006
YrPNPbF45v,soja,2012-2013
uflNS1TICM,soja,2005-2006
8wjR9874mB,cebada,2006-2007
ZL3yiSawWf,trigo,2011-2012
sRLdoofI7q,soja,2007-2008
eFnOgxWn2I,trigo,2005-2006
ybd2aMVBJ2,soja,2008-2009
rBSDpH2UZ8,soja,2008-2009
MENAc488rA,soja,2008-2009
Rpl5sMRNYj,soja,2009-2010
PQusdkAeGi,soja,2009-2010
ncwBmZFuh6,maiz,2005-2006
59vqEoEfDl,soja,2009-2010
PcCKUp6eUL,trigo,2007-2008
OIxLTkuhfc,cebada,2009-2010
njlka1Zofm,soja,2009-2010
a5PnQtdVZ8,soja,2010-2011
qwRoItZDcF,soja,2009-2010
pQycBZclOI,soja,2008-2009
YzOxnnrRJR,soja,2006-2007
ZBO1zguZtX,maiz,2008-2009
njxmM9Nyul,girasol,2009-2010
ITlfQZUI1n,soja,2010-2011
jay8axpVXj,soja,2011-2012
I7Z4nzdHIe,soja,2011-2012
52F3Bp20LZ,soja,2012-2013
jPvDQ54bas,soja,2005-2006
hs1HxnHb5Z,soja,2008-2009
GAbVEmLFmg,soja,2008-2009
pW6kkWpn8Q,soja,2012-2013
x9lae0MyF9,maiz,2010-2011
f5glpQIfFQ,soja,2007-2008
7wGQeOiBmb,soja,2007-2008
mlkZLPZiOo,soja,2008-2009
r4tYpky8QD,soja,2007-2008
YXAoxoDf00,trigo,2006-2007
Hnl2N7Rvpp,soja,2007-2008
lhtfGjQFrq,soja,2011-2012
SQNcGLRT1R,soja,2012-2013
TIFFKbNlYD,soja,2012-2013
bJuVyBFPP7,soja,2012-2013
GrYdUnyvH0,soja,2011-2012
hpKi7HWOsb,soja,2009-2010
NlJc1dEOPl,soja,2007-2008
b16WW5glU6,soja,2010-2011
skyROSGNOX,soja,2011-2012
NlJgOKKbij,soja,2009-2010
OKkTqHYX34,trigo,2006-2007
dvocND5dZT,soja,2011-2012
BxFUedpxFY,trigo,2007-2008
hdsS8ijgGm,maiz,2007-2008
ktiYW6lbkL,maiz,2008-2009
5vJLQwyGvE,soja,2007-2008
ndrg6zQpgg,soja,2009-2010
cQaLz7SkiC,soja,2008-2009
6n8P9YN8oI,soja,2010-2011
RWL2rL9K6r,soja,2010-2011
WCfebpDyw2,soja,2008-2009
hBf3DXNMrT,soja,2006-2007
EOft3IjGHg,soja,2007-2008
JY0xmYx4Lh,maiz,2006-2007
E2st56RSSJ,soja,2010-2011
vfhcZkuJ1C,maiz,2006-2007
zJkzIYYGct,soja,2010-2011
xpvrj1xCTP,maiz,2009-2010
VP5D2fxwxy,trigo,2005-2006
9xIuxaSWq5,soja,2008-2009
QpuMgfNeqp,soja,2010-2011
4NGAaIoYGn,soja,2008-2009
XPlpJjRmGI,girasol,2011-2012
qg8l3oRPTI,soja,2008-2009
GXfWhGoWo4,maiz,2007-2008
KMT6DmpdZ6,maiz,2010-2011
vQm4DpseFM,cebada,2005-2006
wVtc1bsp9h,cebada,2006-2007
tT4NZHBPuk,soja,2007-2008
VrBIvO8o2N,maiz,2009-2010
Bys5bthUjp,maiz,2010-2011
DeJH2sYDIT,soja,2007-2008
xnL97HXF6Z,soja,2007-2008
cGYVMAP3fA,maiz,2010-2011
troD9q6i4O,soja,2012-2013
C2CXBJohYu,maiz,2009-2010
HBBqgX17ag,maiz,2004-2005
GUY5hhvmQy,girasol,2005-2006
Bc1NACgytE,soja,2012-2013
tCP526c3DD,soja,2009-2010
jUgIYO0UBQ,cebada,2006-2007
UM3VkEhQDb,maiz,2007-2008
f7n5CpCosP,soja,2009-2010
1csiuS6uwI,trigo,2010-2011
LQePvPcdpq,soja,2006-2007
FVx2aArlyk,soja,2012-2013
B0N4iIWoDT,trigo,2007-2008
7YtlxpAaT1,girasol,2011-2012
RiVPl6ZdsY,cebada,2010-2011
O4Ym8H5e6I,cebada,2008-2009
7Dq1xor9QL,soja,2009-2010
9r4fHolrSe,soja,2007-2008
QriydrGiVM,trigo,2006-2007
2dZseXhWg8,soja,2012-2013
rq0vWIkI9D,soja,2009-2010
xZ5gZiYpS4,cebada,2006-2007
CThlMMJ5s1,soja,2008-2009
DkrDgNVRge,soja,2012-2013
edEjKnSsdu,soja,2007-2008
wpOdbk1upt,girasol,2009-2010
v3enGLBlmr,soja,2006-2007
QRVeApSch6,soja,2009-2010
XeuuIWfJSV,girasol,2009-2010
DOXrCnDNZz,soja,2011-2012
F0Qkeba7EI,soja,2012-2013
Dkw8gGfMZ8,soja,2009-2010
rmWPfiEs6n,soja,2008-2009
sLnJ7SugZ8,soja,2007-2008
hoaEEGwS93,lentejas,2004-2005
G1P4LVWFD6,soja,2012-2013
OCsIAnrNOo,maiz,2007-2008
A6dkKr0HK9,soja,2008-2009
KaAieVFBkR,maiz,2006-2007
I9eBQnyJBN,maiz,2005-2006
8LTl6md64x,soja,2010-2011
FNYP7EuMPf,maiz,2005-2006
nhoRsFGrYR,girasol,2011-2012
FgmhSrU6xY,soja,2009-2010
4Dwcc3qXPG,maiz,2012-2013
KTtdPfhoK3,lentejas,2004-2005
DDw2epHuhp,soja,2007-2008
MwW8ey195y,trigo,2012-2013
h8CelnhbL7,soja,2012-2013
rYKoZyfqtN,soja,2012-2013
gGKEPyCP8H,cebada,2012-2013
OpQaUBPDmk,soja,2010-2011
KeIfUre9jY,trigo,2005-2006
WX2nrcxys1,maiz,2010-2011
5ngVfUArDC,maiz,2006-2007
WQoqeEoqdx,maiz,2004-2005
83nYdIj3VX,girasol,2011-2012
mqC5VgxApg,soja,2008-2009
jM8YDlm3dR,soja,2009-2010
0lTnK875Ac,maiz,2009-2010
bwTo2yUz9L,soja,2007-2008
gshoRvaExE,trigo,2006-2007
ey09mLGtPQ,soja,2009-2010
W1OzpQyKQ8,soja,2009-2010
f71NvSJXgH,soja,2010-2011
lLGlU37lwW,soja,2007-2008
CTXaSN1RiQ,girasol,2008-2009
ZOYalU352j,soja,2008-2009
Nn5dZZggKd,soja,2006-2007
DW6k7Z881p,lentejas,2004-2005
YaE7B1bE6d,maiz,2007-2008
xSQ360cmgw,soja,2008-2009
GXEobGM3J9,soja,2009-2010
PtUWdb5li6,maiz,2011-2012
cHhqOsr07w,girasol,2008-2009
FLjBshOdMy,soja,2012-2013
TV6mjhfU9C,girasol,2006-2007
7TP4DXWYjR,soja,2011-2012
UL8pBp7FCb,maiz,2010-2011
HJfEYzHmjA,soja,2009-2010
d5Q48W4kJk,soja,2009-2010
hieCFInK4W,maiz,2012-2013
Rgo8XD1OD9,trigo,2011-2012
MqEmtMJy7b,cebada,2012-2013
jpLO2agouk,trigo,2007-2008
LMQAUxNVNa,soja,2007-2008
eiQsVLFnJM,soja,2005-2006
Q3CkREL73G,maiz,2009-2010
rOcIY7Hvcd,cebada,2010-2011
VGMv9rHOfa,soja,2010-2011
l6dxq5BCCE,soja,2006-2007
S4c5NBCd7n,soja,2010-2011
Ic5eYEWpcD,maiz,2011-2012
QNJ4LA9XML,soja,2009-2010
lpPOuma7Qh,maiz,2012-2013
uhKzMsDtip,soja,2011-2012
69DPDZZM6v,soja,2005-2006
hrl7GgsqnJ,soja,2009-2010
Yi1rhOkuIT,soja,2011-2012
kOcympXMCd,soja,2009-2010
IsV4zmksdY,soja,2007-2008
CCHE4ybott,soja,2011-2012
JeIvd5lBRw,soja,2005-2006
okqKop7ajk,soja,2009-2010
9vwP91OlpI,soja,2012-2013
f9ww4a2plU,soja,2012-2013
maFdu4T2eD,soja,2008-2009
mm8jDIkb3a,maiz,2007-2008
tijqfnRidD,trigo,2007-2008
DQnR3iVXkA,soja,2012-2013
jYwsIAA3lE,soja,2008-2009
dfwMXcAyLn,soja,2007-2008
CYDz0HiVoT,trigo,2007-2008
fY2cRKmbMZ,soja,2012-2013
p0FmNmPXlk,maiz,2006-2007
KxJYxJpgod,avena,2012-2013
AUCB8dVuFs,maiz,2008-2009
U5sjrFWHmI,maiz,2006-2007
27GLfEeUuU,maiz,2008-2009
85yKH7xm2D,soja,2007-2008
eVIXFAmlRZ,cebada,2006-2007
4TgKoMYUrU,maiz,2010-2011
xzZwKq4Ic6,soja,2006-2007
WIbopqycbQ,soja,2010-2011
CftsziGYD7,soja,2004-2005
3B7c8RSCk6,soja,2008-2009
IGNt5Dj4pM,soja,2009-2010
IdWPGeqiqb,maiz,2011-2012
o9rC3wPn1F,soja,2004-2005
9VHBtCD1Nn,soja,2012-2013
LfQr5gWvPO,maiz,2009-2010
WEXOQaLpOM,soja,2006-2007
5XrNjkZvlw,maiz,2007-2008
j8cBzhrWcH,girasol,2010-2011
t9URXu2slQ,soja,2010-2011
Fqx7Ehrndd,soja,2007-2008
kOlNYl4QHg,maiz,2006-2007
6Xj5ewmWkQ,soja,2007-2008
AUovrNhvny,maiz,2009-2010
cUBTgosnUB,cebada,2011-2012
faiPfNMSt7,cebada,2005-2006
s4bg0T4hPr,soja,2006-2007
g2MrW3gOpB,soja,2007-2008
ZVlIuReHtY,soja,2012-2013
P1ultQoape,girasol,2009-2010
lPAXg5yLLs,soja,2006-2007
tjeWi89CfS,trigo,2011-2012
45UxqOPexE,maiz,2007-2008
JjdTHKYGgt,soja,2008-2009
9adn6MvFYb,girasol,2011-2012
hcgCaXazCY,soja,2007-2008
EWIryZCXps,soja,2011-2012
RyS5mZSio1,soja,2008-2009
KWc1iDYJDk,trigo,2007-2008
rRHAJGjVnZ,girasol,2010-2011
OFYrLLQm3F,soja,2007-2008
nNlQOUevmr,soja,2008-2009
geJxocEY82,trigo,2005-2006
8XIgOd2pQ5,trigo,2006-2007
5ESpeqKJm7,maiz,2010-2011
BUmTSb6gAF,soja,2011-2012
iIl1zAe105,maiz,2012-2013
65JYuxPFHC,soja,2004-2005
NSf9v8k3ou,girasol,2011-2012
HXE3ZDEDFE,trigo,2007-2008
ILJbtEZJTq,trigo,2007-2008
VqJCzFKkI9,soja,2008-2009
fZgtdG7rTL,soja,2008-2009
6lgPNbdwu7,maiz,2009-2010
nQw8cwNwhf,soja,2012-2013
6NGmHs2OkW,girasol,2009-2010
jqIRGf2scw,maiz,2007-2008
zQNwY0tvwb,girasol,2011-2012
b2zroGkqeV,soja,2009-2010
NOMfpcLrVx,soja,2006-2007
oVOCSwCMs9,soja,2012-2013
xUBxM0E6rs,soja,2006-2007
bFHxu7aFy6,soja,2010-2011
Dnab03YCPR,soja,2008-2009
MNvXLIXaOP,maÃ­z,2012-2013
T1ekyYrZnp,soja,2010-2011
f1dGddJCqi,cebada,2011-2012
dC7ZjSrI3G,maiz,2009-2010
gVHLGGt8pi,soja,2010-2011
xVjclNG6Z7,soja,2010-2011
oCJvl4OdLR,soja,2004-2005
t3xBOERIMH,soja,2010-2011
1KmkwY8Deh,soja,2007-2008
GE6EPURpmn,soja,2011-2012
7n8tY5SgI7,soja,2008-2009
OcaIG0xxoI,soja,2010-2011
25W8JucklP,soja,2012-2013
YsDglllES4,soja,2006-2007
Lqfu8vv6uk,cebada,2009-2010
Ovpu48pgsb,soja,2012-2013
5RUI8G4tVV,soja,2012-2013
wpMdlUZgbU,maiz,2010-2011
R0QHuUPkAI,soja,2012-2013
MGjqXr8blc,maiz,2006-2007
7jSTMEywua,soja,2011-2012
QMaqdVL3GV,soja,2012-2013
Mcl6UJxbuk,soja,2010-2011
F2ThVqvUmr,trigo,2005-2006
5EEf5rAQuQ,soja,2012-2013
vH3hNX1L9u,soja,2008-2009
6OxZ6TQ3xD,soja,2007-2008
t3R8hW0swv,trigo,2008-2009
JrDMZZtav3,soja,2010-2011
V1RTaXw1au,trigo,2010-2011
FUxgcfDdY9,maÃ­z,2012-2013
Zq2lDbM7BH,cebada,2009-2010
AgJcAtA7vk,soja,2009-2010
2AFyqrf4VD,trigo,2007-2008
D55ErIpDP1,soja,2009-2010
VaioCsiMze,soja,2006-2007
71oM1fFfjk,soja,2012-2013
swpxBhH1ug,maiz,2007-2008
2QHkFTdwqc,maiz,2010-2011
bxeQKe6ZKp,trigo,2007-2008
KEmACxrTym,soja,2006-2007
A1DRlRuPPl,soja,2012-2013
21jgR4LXdg,soja,2009-2010
Mxt9877yZ5,soja,2006-2007
lj6yBrR6Hq,trigo,2011-2012
rJqbzIfLpJ,maiz,2012-2013
2CGvLO3SNc,soja,2010-2011
X9Md9XWZdn,soja,2010-2011
QV7H77ZlSP,soja,2012-2013
5TbLPwjSP7,soja,2006-2007
5wGRaPy7yc,soja,2012-2013
uP71hE8H1a,maiz,2010-2011
g64IRUFBwe,soja,2009-2010
H1bYSDxRKw,soja,2005-2006
3ENAG4POLP,maiz,2010-2011
y2V3KvXZ7T,soja,2007-2008
EOVpww3uOM,soja,2010-2011
sRbGcrK1Gf,cebada,2012-2013
QEhvI1soaz,soja,2011-2012
JoOneMlhHA,soja,2006-2007
4AbfPDXjEm,cebada,2009-2010
Pf26bJ8U9i,soja,2012-2013
TRXrGCE1sV,soja,2006-2007
Bxfld5zAoE,girasol,2011-2012
xEtzKUJRyS,maiz,2011-2012
ASthKAsYBm,soja,2010-2011
4Mjj8No8Yc,girasol,2011-2012
MVqFVBkocj,soja,2012-2013
HmCCUWMN5X,soja,2006-2007
A9tts2HhAp,soja,2010-2011
KWLBlrMWgz,maiz,2009-2010
GxmRAHxWf4,cebada,2010-2011
3oDwj6y1n9,soja,2006-2007
q8fDJR4fxk,soja,2007-2008
fDiSftjdPP,maiz,2008-2009
XpvD3Fe7uc,maiz,2008-2009
rapb3VUn9u,soja,2011-2012
DpNRknPlCO,cebada,2006-2007
ajFWwIlbPh,soja,2011-2012
EHI4sLYO9h,maiz,2007-2008
IMXfnJTD5f,maiz,2010-2011
vwtXbmVCQy,soja,2011-2012
nLtL5DgHI7,soja,2007-2008
beQqBN9wyY,girasol,2010-2011
eDqwGjIo8S,soja,2006-2007
WQn56bNZoS,soja,2009-2010
FR7fII3RF2,soja,2012-2013
1tFrqVb9Kj,soja,2011-2012
bq9PvG2Kpq,soja,2011-2012
l5HtkZCn2R,maiz,2007-2008
p2L4tCZVMt,maiz,2010-2011
ExlONheP1T,trigo,2008-2009
FnZXgK7s89,girasol,2009-2010
KxBf25rbaE,cebada,2007-2008
WoCHDZyqx1,girasol,2007-2008
LDoukVErOM,girasol,2004-2005
1iKCOMGHxq,cebada,2008-2009
VUfglsGkkE,soja,2012-2013
l5RZzC5E4T,soja,2011-2012
a4CuGbHWrG,soja,2009-2010
ONj44WwJHg,soja,2008-2009
X3mycmBi1F,soja,2008-2009
CcJOXZzo7r,soja,2009-2010
5UEoYILVbc,lentejas,2004-2005
PDXiqnpOZ4,trigo,2006-2007
u7STmw5Oya,soja,2011-2012
SqnAhAarw8,soja,2012-2013
qwd7IuceoX,soja,2008-2009
gCqCdO7fIs,lentejas,2004-2005
drOGIHsXy5,trigo,2005-2006
C9ey8HlJzm,soja,2004-2005
YCPrawRalY,soja,2007-2008
Sq3gfby17b,girasol,2009-2010
dJkIIsZ4CZ,girasol,2010-2011
rklHcME4wz,maiz,2009-2010
bPqe7WG6XN,soja,2007-2008
hBgSTyL33X,maiz,2012-2013
duIPBtmPxj,maiz,2012-2013
PZ9GEGmUMK,soja,2012-2013
r4VXWyWr3Z,soja,2007-2008
PgUh6gbr6Z,trigo,2009-2010
bU9lkO2XsO,lentejas,2004-2005
rkTNIzMorP,maiz,2006-2007
PH6tyBZa4f,soja,2012-2013
BfAKRuhTSa,soja,2011-2012
rKLLhdL4TD,soja,2010-2011
TrUZlTkL4o,soja,2012-2013
1FTBZu7HOZ,soja,2011-2012
sGtEbbrwfK,soja,2010-2011
99Cdiy7TKC,soja,2007-2008
ILQlX0gdI5,maiz,2010-2011
DAL7OwhFsN,trigo,2009-2010
a3WmgGlnj6,soja,2011-2012
y1RQmyQTci,trigo,2008-2009
jGZBfNA6qm,girasol,2007-2008
xUwYrLvJls,lentejas,2004-2005
oPchKZxBEU,trigo,2011-2012
uHaiqTBf8S,soja,2006-2007
Frho3NCDU3,soja,2009-2010
0JSc0mCxxR,soja,2008-2009
Ssi2bZVmFd,soja,2010-2011
FUVwJYKUlo,maiz,2006-2007
Xl8zO8ma6j,trigo,2005-2006
2YdkaEJ61Y,soja,2010-2011
jG3EDMmXqY,maiz,2006-2007
MOJTNhbAJh,girasol,2009-2010
tLGX5plPvn,soja,2005-2006
xf41tHNgoE,maiz,2008-2009
EAcYezGGAZ,soja,2012-2013
x4tEaz4NP1,soja,2011-2012
ANgEOaVlGJ,maiz,2010-2011
0VUc39cJPl,soja,2009-2010
sNpmbQmgnB,trigo,2011-2012
gxYNCwwhjE,soja,2008-2009
1jjVMmey64,cebada,2007-2008
kyRal31Yjo,soja,2009-2010
jQmInyGkhy,trigo,2009-2010
yijiE6Vs4b,soja,2009-2010
wobNPNRQvA,maiz,2007-2008
T0Y42XR3ma,soja,2007-2008
l1hCyYr3tP,lentejas,2004-2005
Art7RlSN5E,soja,2011-2012
d5BMHAu9Do,maiz,2007-2008
YNgRU8DwVI,soja,2012-2013
BlpPaSfwVz,lentejas,2004-2005
695HUMRPUe,maiz,2011-2012
E33uUX3iUY,soja,2006-2007
1fKq5uJkrn,maiz,2009-2010
kxwpGSBhrg,cebada,2009-2010
M6jP1Ev5wQ,maiz,2005-2006
dx6xoBs7vk,soja,2010-2011
ugjsWyKhgC,maiz,2008-2009
O3I8SJMOOJ,girasol,2010-2011
p2Hv057sC3,soja,2009-2010
e8jN0GNLx4,maiz,2008-2009
XM8pUa9qyX,trigo,2005-2006
AoZRjZWqTj,soja,2010-2011
t7qdVrtsDs,maiz,2007-2008
wkF4ajejad,maiz,2007-2008
IlSrDCRj3u,soja,2007-2008
Tw2LaXCVPP,soja,2006-2007
NMAcQkM5Uw,girasol,2010-2011
hVI5vB2JLs,maiz,2009-2010
imiBevO6fR,trigo,2006-2007
19O3TzZgUz,soja,2007-2008
6rMGUm1qrV,soja,2010-2011
nbIVmvRB27,cebada,2006-2007
c2G15j0eQU,soja,2012-2013
eWM1mqnnhf,girasol,2010-2011
JVHa14WSEY,soja,2010-2011
ZqbprgZrLz,maiz,2011-2012
M0Wj1Jao7I,trigo,2009-2010
UQnl1opXH4,girasol,2011-2012
7quigmOFek,girasol,2010-2011
F1kljl5KbC,cebada,2008-2009
c6cQrdFhBX,soja,2007-2008
mIOh15UPK9,soja,2008-2009
AZAuLtgREI,soja,2012-2013
5lNSTNXxnr,trigo,2005-2006
7wRHrnBZEP,cebada,2007-2008
rrHG8ZX17W,cebada,2005-2006
6CITelqCje,soja,2009-2010
5qbW8TKJ3Y,soja,2012-2013
juR1CYajah,girasol,2010-2011
GgtX9YK1l4,trigo,2007-2008
epuHN3khNn,girasol,2007-2008
G6jh7uGheq,cebada,2007-2008
QtWKSgslge,cebada,2012-2013
pMUkcrnNYB,soja,2012-2013
BoIuWPpm8U,cebada,2012-2013
dXOArpqkbX,maiz,2006-2007
PRttCWl1tK,girasol,2008-2009
C5AU0gtpT1,maiz,2012-2013
K7YhHQX7BA,soja,2005-2006
eabYUn4Gox,girasol,2008-2009
a14jU4QOtt,soja,2008-2009
PE1xvHPTPa,maiz,2008-2009
d4AFbe3gur,soja,2011-2012
eUriFMmfkg,trigo,2010-2011
ZAta8prXJH,soja,2009-2010
7wLICwwFdq,soja,2009-2010
7JMy2bLnH6,maiz,2007-2008
UqGORPEJvY,trigo,2011-2012
a4VvLhtIwX,trigo,2006-2007
94qV3r7OgN,soja,2006-2007
UBEkZfAoy6,soja,2010-2011
MaArWWZQoW,trigo,2006-2007
xxaoTdga2N,trigo,2009-2010
xWYCH8rRwq,maiz,2011-2012
YJRiBxFlO3,cebada,2006-2007
IM1sBVWr6Y,soja,2007-2008
E45mGMu8nq,trigo,2011-2012
zMAR5MPJ7n,trigo,2007-2008
NQAOJLtpCz,soja,2007-2008
OR4TDKp8Sd,lentejas,2004-2005
ySzAt5VJOd,maiz,2008-2009
7l3HAMc4Do,soja,2006-2007
3bG75TRubt,girasol,2004-2005
YbNXkHcGa1,maiz,2007-2008
thmwywJb1W,maiz,2007-2008
Q48gBDAc8l,maiz,2007-2008
XgMtE8BrOl,maiz,2010-2011
sITfFScZ4d,soja,2012-2013
6UhEBtSKWa,maiz,2009-2010
64HTxVaANy,soja,2011-2012
uFHOuWqY6u,soja,2009-2010
BCPtQamsuK,soja,2006-2007
T1OjUMF5Wc,trigo,2005-2006
4RrMpnshLy,soja,2005-2006
cXB2RbcEUX,maiz,2007-2008
YwYvh3Iw8o,soja,2009-2010
ZCGRX6FQna,maiz,2005-2006
PQ8aSYC6mg,soja,2007-2008
dLdCHLEZIM,soja,2012-2013
OrYeJ6lYXZ,maiz,2010-2011
9w0HYTpkYd,soja,2007-2008
AxnEMaNZEM,soja,2009-2010
uv7aQvyPyZ,soja,2009-2010
TRjdeG5XZI,soja,2009-2010
Ckdmf4YoNI,soja,2009-2010
INKEH41T4A,soja,2009-2010
JZKSjLaG6A,soja,2009-2010
1kOvangikL,soja,2009-2010
xGOqPmJbz5,soja,2009-2010
d5xPohU7nY,soja,2009-2010
tKoYj8tvJy,soja,2009-2010
EGiF5gtFfc,soja,2009-2010
WaAQ8roSmX,maiz,2009-2010
y4o7XHhaWI,maiz,2009-2010
h1VURL1NVk,soja,2009-2010
q74x2AIm8m,soja,2009-2010
zbJDbslRWk,maiz,2009-2010
QUFZi4MrIo,soja,2009-2010
hnbmcl1SSg,soja,2009-2010
aiprLcTHPt,soja,2009-2010
toMKoTzvYC,soja,2009-2010
daSRSLhabv,soja,2009-2010
B2iXxCwVE2,maiz,2009-2010
3MT29pBWp6,maiz,2008-2009
67HptP9p4q,soja,2008-2009
HOKFrkY826,maiz,2008-2009
tJqdccFOQ5,soja,2008-2009
FtvZrbdV0D,maiz,2008-2009
l6ulaS2dr4,soja,2008-2009
Tju53YJVvv,soja,2008-2009
iJJL1ISqNF,soja,2008-2009
U2WUgj8e7n,soja,2008-2009
gQXRIBbU9o,soja,2008-2009
H41y9Bs0gs,soja,2008-2009
w73L9Ynjii,soja,2008-2009
03Q9wxRLQg,maiz,2008-2009
xfjxsP0QFu,soja,2008-2009
JiMNZVrfrq,maiz,2008-2009
zmtwuaDawm,maiz,2008-2009
bO5b42h3kU,maiz,2008-2009
7nr8hpiF2G,maiz,2008-2009
JKUvLo8uHk,maiz,2008-2009
21vt4JH6Vp,maiz,2008-2009
NlcyTcSXKr,maiz,2008-2009
